Tool,ID,Page,Label,F1,SpatialDist
PdfAct,109.tar_1606.03088.gz_collinear4_black.pdf,5,reference,0.0,0.0
PdfAct,110.tar_1606.03595.gz_SysRiskEqModel_black.pdf,37,reference,0.9025901233161364,0.9631230646416008
PdfAct,120.tar_1606.08101.gz_volt_dist_black.pdf,20,reference,0.0,0.0
PdfAct,115.tar_1606.05700.gz_NormalTotalV16-06-17_black.pdf,8,reference,0.9986703502489666,0.9678255787895146
PdfAct,103.tar_1606.00652.gz_aixi-and-death_black.pdf,12,reference,0.9766428053245488,0.9573864958808074
PdfAct,119.tar_1606.07488.gz_dnc_paperwithsupplement_black.pdf,31,reference,0.9963444095736816,0.9832650599358829
PdfAct,103.tar_1606.00512.gz_gga_pra_black.pdf,12,reference,0.0,0.0
PdfAct,109.tar_1606.03237.gz_main_black.pdf,18,reference,0.0,0.0
PdfAct,123.tar_1606.09449.gz_dw_black.pdf,15,reference,0.9542841030034624,0.9896351436896705
PdfAct,123.tar_1606.09421.gz_Irreversible_PPT_manipulation_v0.04_black.pdf,4,reference,0.0,0.0
PdfAct,116.tar_1606.06432.gz_nanoparticle_translocation_black.pdf,12,reference,0.0,0.0
PdfAct,116.tar_1606.06041.gz_banditRMHC_black.pdf,5,reference,0.0,0.0
PdfAct,109.tar_1606.03438.gz_ads2paper-final4_black.pdf,29,reference,0.94986838031658,0.9560407311273584
PdfAct,109.tar_1606.03473.gz_face_faster_rcnn_black.pdf,5,reference,0.9058195440206576,0.9910959349920534
PdfAct,117.tar_1606.07009.gz_liufermionmu-june20_black.pdf,8,reference,0.0,0.0
PdfAct,116.tar_1606.06498.gz_paper_black.pdf,16,reference,0.0,0.0
PdfAct,106.tar_1606.02038.gz_wdm_discreteness_black.pdf,12,reference,0.0,0.0
PdfAct,122.tar_1606.09055.gz_VLQR_NO_black.pdf,17,reference,0.0,0.0
PdfAct,121.tar_1606.08571.gz_han-lu_black.pdf,9,reference,0.9140100561016524,0.9577748195321434
PdfAct,107.tar_1606.02596.gz_Draft_v2_black.pdf,12,reference,0.0,0.0
PdfAct,117.tar_1606.06816.gz_source_black.pdf,9,reference,0.9051309196207432,0.9942685708599167
PdfAct,110.tar_1606.03633.gz_EFT_CosmoDep_v3_black.pdf,37,reference,0.9370718469302304,0.9980653065469518
PdfAct,120.tar_1606.08008.gz_InteractiveSegmentation_black.pdf,30,reference,0.0,0.0
PdfAct,105.tar_1606.01545.gz_coherence_black.pdf,10,reference,0.0,0.0
PdfAct,116.tar_1606.06213.gz_CJ_fNLS_arxiv1_black.pdf,42,reference,0.917149627208952,0.9697473160230787
PdfAct,116.tar_1606.06256.gz_zerofpr_black.pdf,25,reference,0.0,0.0
PdfAct,109.tar_1606.03228.gz_eHcor_v4_PRA_black.pdf,15,reference,0.0,0.0
PdfAct,111.tar_1606.04275.gz_Two_step_JMLR_black.pdf,38,reference,0.9519218685582952,0.9521067997875435
PdfAct,114.tar_1606.05269.gz_PRD_symmetron_final4_black.pdf,17,reference,0.0,0.0
PdfAct,106.tar_1606.01969.gz_power_of_ordered_test_icml2016_long_black.pdf,16,reference,0.917438379886782,0.9818933661258147
PdfAct,117.tar_1606.06877.gz_CICM_16_black.pdf,10,reference,0.9134081512618424,0.9695823263680698
PdfAct,109.tar_1606.03486.gz_conesphere_black.pdf,18,reference,0.9441250897621838,0.9785772113952116
PdfAct,106.tar_1606.02147.gz_main_black.pdf,8,reference,0.0041025641025641,0.1405651000993894
PdfAct,108.tar_1606.02906.gz_ver5_black.pdf,7,reference,0.0,0.0
PdfAct,119.tar_1606.07455.gz_gluon_frag-June-23_black.pdf,13,reference,0.0,0.0
PdfAct,119.tar_1606.07813.gz_sdwfrac8_black.pdf,29,reference,0.0,0.0
PdfAct,118.tar_1606.07257.gz_Prehomogeneous_Tensor_Spaces_-_Reviewed_black.pdf,14,reference,0.0,0.197704081632653
PdfAct,105.tar_1606.01317.gz_Commuters_black.pdf,17,reference,0.0,0.0
PdfAct,109.tar_1606.03098.gz_160708.arXiv_black.pdf,18,reference,0.0,0.0
PdfAct,105.tar_1606.01410.gz_jodon_surface_energy_black.pdf,16,reference,0.0,0.0
PdfAct,112.tar_1606.04740.gz_VolterraInversion_v8_black.pdf,14,reference,0.0,0.0
PdfAct,109.tar_1606.03237.gz_main_black.pdf,16,reference,0.0,0.0
PdfAct,107.tar_1606.02307.gz_linear_sieve_black.pdf,7,reference,0.931346862214372,0.9605806052920294
PdfAct,103.tar_1606.00441.gz_ms_black.pdf,9,reference,0.0,0.0
PdfAct,122.tar_1606.09401.gz_shibata-takasao_revised0808_temp_black.pdf,29,reference,0.9457212801574884,0.9531202183074379
PdfAct,105.tar_1606.01574.gz_Two-Temp_Ratchet_black.pdf,22,reference,0.0,0.0
PdfAct,107.tar_1606.02627.gz_main_black.pdf,8,reference,0.0101112234580384,0.1853110684202748
PdfAct,107.tar_1606.02197.gz_MIMI_Resub_arXiv_06_01_black.pdf,13,reference,0.0,0.0
PdfAct,110.tar_1606.03561.gz_substorydetection_journal_black.pdf,25,reference,0.9351773768093428,0.9820019402939638
PdfAct,107.tar_1606.02280.gz_manuscript_black.pdf,15,reference,0.9688659338197456,0.9679917741635865
PdfAct,111.tar_1606.04317.gz_phone-cal_black.pdf,3,reference,0.9675380204078734,0.9522145294670594
PdfAct,112.tar_1606.04610.gz_Deng-Schilling-ECP1606-009R1R_black.pdf,4,reference,0.0,0.0
PdfAct,107.tar_1606.02345.gz_revised21_black.pdf,14,reference,0.9332549794662948,0.9915886619127587
PdfAct,120.tar_1606.07975.gz_mullerMaguireV5_black.pdf,9,reference,0.9187280196820284,0.9622938374176091
PdfAct,120.tar_1606.07971.gz_arxiv_ijmpe_v2_black.pdf,10,reference,0.9218753023286947,0.9907296735016291
PdfAct,118.tar_1606.07251.gz_csmc2016_black.pdf,10,reference,0.9458881110039968,0.9869258759694088
PdfAct,110.tar_1606.03580.gz_nonlinear_black.pdf,19,reference,0.0,0.0
PdfAct,121.tar_1606.08679.gz_VarianceReplica6_black.pdf,17,reference,0.981296865077382,0.9728264779208287
PdfAct,121.tar_1606.08735.gz_jx101ar_black.pdf,5,reference,0.0,0.0
PdfAct,112.tar_1606.04835.gz_submission_black.pdf,11,reference,0.0080482897384305,0.1900428265524625
PdfAct,113.tar_1606.05024.gz_thg-higgs-v5b_black.pdf,12,reference,0.0,0.0
PdfAct,117.tar_1606.07039.gz_main_black.pdf,74,reference,0.0028681742967457,0.0923119221912911
PdfAct,109.tar_1606.03425.gz_aim_black.pdf,11,reference,0.0,0.0
PdfAct,105.tar_1606.01298.gz_paper.v6.ar_black.pdf,22,reference,0.0,0.0
PdfAct,118.tar_1606.07412.gz_paper_black.pdf,6,reference,0.0,0.0
PdfAct,121.tar_1606.08854.gz_orionasouth_firstlook_black.pdf,26,reference,0.0,0.0
PdfAct,112.tar_1606.04751.gz_quax_experimental_setup_black.pdf,17,reference,0.0,0.0
PdfAct,106.tar_1606.01965.gz_Globecom2016_black.pdf,5,reference,0.0,0.0
PdfAct,121.tar_1606.08514.gz_verifiedAI-arxiv-v2_black.pdf,10,reference,0.9900363281855238,0.9995222389677247
PdfAct,110.tar_1606.03800.gz_TL_black.pdf,18,reference,0.0,0.1400118319858016
PdfAct,109.tar_1606.03444.gz_paper_black.pdf,5,reference,0.0,0.0
PdfAct,116.tar_1606.06488.gz_arxiv_black.pdf,15,reference,0.9742099871023974,0.998023721609375
PdfAct,119.tar_1606.07726.gz_article_black.pdf,9,reference,0.9032306156036728,0.9725959538392687
PdfAct,119.tar_1606.07686.gz_wavegamblets49_black.pdf,49,reference,0.003046458492003,0.1901794985907135
PdfAct,117.tar_1606.06681.gz_main_black.pdf,8,reference,0.9815391144161336,0.9928619638696625
PdfAct,104.tar_1606.01168.gz_RegInherit_black.pdf,21,reference,0.0,0.0
PdfAct,113.tar_1606.05182.gz_HARQ.joint.codec_black.pdf,27,reference,0.0,0.0
PdfAct,113.tar_1606.05009.gz_Biadjoint_Triangles_2017_black.pdf,38,reference,0.0992907801418439,0.151344175240624
PdfAct,119.tar_1606.07712.gz_MacroGap_arXiv_black.pdf,11,reference,0.0,0.0
PdfAct,113.tar_1606.05016.gz_mnras-wat_black.pdf,7,reference,0.0,0.0
PdfAct,120.tar_1606.08028.gz_sq-ent-approx-private-states_black.pdf,15,reference,0.9398563313923642,0.9564979694361354
PdfAct,122.tar_1606.08971.gz_manuscript_black.pdf,13,reference,0.0,0.0
PdfAct,114.tar_1606.05519.gz_paper_black.pdf,13,reference,0.9578655086930266,0.9970547506368732
PdfAct,112.tar_1606.04411.gz_main_black.pdf,14,reference,0.0,0.0
PdfAct,107.tar_1606.02583.gz_Vanderelst_Winfield_black.pdf,4,reference,0.0,0.0
PdfAct,115.tar_1606.05694.gz_vsvr_semeval2016_black.pdf,5,reference,0.0,0.0978398983481575
PdfAct,122.tar_1606.09098.gz_nggen14_black.pdf,20,reference,0.9151743951430272,0.9829108740432457
PdfAct,107.tar_1606.02635.gz_FS_black.pdf,5,reference,0.0,0.0
PdfAct,111.tar_1606.04150.gz_Terai+2016_ApJ_astroph_black.pdf,14,reference,0.0,0.0
PdfAct,111.tar_1606.04149.gz_interference_black.pdf,28,reference,0.9798895356551792,0.9787621046165221
PdfAct,121.tar_1606.08586.gz_REfinaldraftminorrevision2_black.pdf,27,reference,0.9539163477270728,0.9683327302462205
PdfAct,105.tar_1606.01507.gz_DA1p_black.pdf,13,reference,0.0,0.0
PdfAct,116.tar_1606.06140.gz_main_black.pdf,14,reference,0.9330867325394668,0.9898075424380959
PdfAct,103.tar_1606.00802.gz_Template_MyLatex_black.pdf,12,reference,0.9369755908759791,0.9761155070498743
PdfAct,116.tar_1606.06126.gz_safe-learning_black.pdf,8,reference,0.9609370995658392,0.9515534561793525
PdfAct,114.tar_1606.05355.gz_TPAMI2012mocov-v3_black.pdf,14,reference,0.0,0.0
PdfAct,117.tar_1606.07071.gz_ms_black.pdf,92,reference,0.004740776758038,0.0502348061563775
PdfAct,110.tar_1606.03805.gz_fhts_revision_black.pdf,30,reference,0.9413474415844604,0.9738532966983711
PdfAct,116.tar_1606.06329.gz_paper514_black.pdf,7,reference,0.9408260881766942,0.9604519062271775
PdfAct,105.tar_1606.01531.gz_hmediation_black.pdf,13,reference,0.0,0.0
PdfAct,117.tar_1606.06860.gz_Bakshi-Maheshwary-Passi_black.pdf,14,reference,0.9119208045812134,0.9659389076525862
PdfAct,108.tar_1606.02669.gz_proof_black.pdf,36,reference,0.9847080878081952,0.9775287383483721
PdfAct,108.tar_1606.02721.gz_main_draft_black.pdf,47,reference,0.9042505346590708,0.951563803169226
PdfAct,108.tar_1606.02877.gz_TRO_black.pdf,10,reference,0.0,0.0
PdfAct,118.tar_1606.07265.gz_Psi-Epistemic_Quantum_Cosmology_black.pdf,31,reference,0.9986305386883996,0.9880873906750365
PdfAct,106.tar_1606.01684.gz_INRSR_arxi_black.pdf,25,reference,0.0,0.0
PdfAct,111.tar_1606.03938.gz_paper_83mm_black.pdf,27,reference,0.0,0.1074468085106383
PdfAct,116.tar_1606.06076.gz_RosenfeldCommentaryArX_black.pdf,56,reference,0.9785566976814822,0.9786693136744286
PdfAct,117.tar_1606.07048.gz_examplec2noc1_black.pdf,11,reference,0.0,0.0
PdfAct,108.tar_1606.02815.gz_JAA_1652_black.pdf,19,reference,0.0,0.0
PdfAct,120.tar_1606.08503.gz_main_black.pdf,14,reference,0.0,0.0
PdfAct,116.tar_1606.06101.gz_prb_resubmission_MT_black.pdf,11,reference,0.0,0.0
PdfAct,102.tar_1606.00072.gz_SDM_black.pdf,20,reference,0.980446145808596,0.9770170041029014
PdfAct,115.tar_1606.05758.gz_iSOCDraftPart2_black.pdf,17,reference,0.0,0.0
PdfAct,112.tar_1606.04404.gz_FINAL_VERSION_black.pdf,12,reference,0.0,0.0
PdfAct,117.tar_1606.06962.gz_sjtvsp_black.pdf,6,reference,0.0,0.0
PdfAct,112.tar_1606.04484.gz_paper_arxiv_black.pdf,4,reference,0.0,0.0
PdfAct,103.tar_1606.00789.gz_EKKL-Chow17_black.pdf,14,reference,0.9354526155713384,0.9587933309342653
PdfAct,115.tar_1606.05901.gz_submitted2_black.pdf,8,reference,0.0,0.0
PdfAct,112.tar_1606.04420.gz_crnur3_black.pdf,12,reference,0.0102389078498293,0.1730665950590763
PdfAct,122.tar_1606.09281.gz_ManuscriptFinalDraft_black.pdf,34,reference,0.0038510911424903,0.081463290710475
PdfAct,112.tar_1606.04805.gz_BikeClosedNetwork-2016-0413_black.pdf,17,reference,0.9319293131492786,0.9990811114380042
PdfAct,102.tar_1606.00179.gz_1606.00179.v2_black.pdf,24,reference,0.94694126496781,0.9908851212475921
PdfAct,117.tar_1606.06751.gz_paper_rev01_black.pdf,6,reference,0.0,0.0
PdfAct,105.tar_1606.01472.gz_report_black.pdf,28,reference,0.9340549633663704,0.980575763078318
PdfAct,105.tar_1606.01280.gz_eacl2017_black.pdf,11,reference,0.0175438596491228,0.0861344537815125
PdfAct,114.tar_1606.05352.gz_LFPaper_black.pdf,17,reference,0.0,0.0
PdfAct,120.tar_1606.08510.gz_GVegaIEEE2016-Nuevo_black.pdf,3,reference,0.0,0.0
PdfAct,109.tar_1606.03217.gz_main-bis_black.pdf,9,reference,0.9641181001324206,0.9617203080735374
PdfAct,109.tar_1606.03225.gz_main_black.pdf,17,reference,0.0,0.0
PdfAct,121.tar_1606.08778.gz_segue1-6_black.pdf,8,reference,0.0,0.0
PdfAct,102.tar_1606.00017.gz_draftHT-arXiv_v2_black.pdf,4,reference,0.0,0.0
PdfAct,111.tar_1606.04058.gz_paper_v3_black.pdf,11,reference,0.0,0.0
PdfAct,118.tar_1606.07329.gz_paper_black.pdf,9,reference,0.0,0.0
PdfAct,104.tar_1606.00923.gz_draft_arxiv_black.pdf,25,reference,0.0,0.0
PdfAct,116.tar_1606.06264.gz_3D4-irr_black.pdf,20,reference,0.9230596390304968,0.9745889874328927
PdfAct,117.tar_1606.06730.gz_two_stage_arxiv_black.pdf,28,reference,0.9766478630078091,0.9759160579846562
PdfAct,117.tar_1606.06960.gz_spaceeye_black.pdf,12,reference,0.0,0.0
PdfAct,111.tar_1606.04098.gz_mjs+16v2_black.pdf,7,reference,0.0,0.0
PdfAct,111.tar_1606.03940.gz_paper-final_black.pdf,32,reference,0.9628930785403704,0.9584008930378817
PdfAct,120.tar_1606.08011.gz_2tripunti_black.pdf,37,reference,0.961410988365136,0.9869448144876886
PdfAct,102.tar_1606.00161.gz_arXive-An_alternating_qubit_protocol_and_its_correctness_checking_black.pdf,11,reference,0.0,0.0
PdfAct,115.tar_1606.05703.gz_manuscript_black.pdf,38,reference,0.9254088393820464,0.9670603105640999
PdfAct,105.tar_1606.01519.gz_bcs_dnn_2016_black.pdf,2,reference,0.0,0.0
PdfAct,106.tar_1606.01818.gz_DMeson_v3-nov21_final_black.pdf,24,reference,0.0,0.0
PdfAct,119.tar_1606.07709.gz_niceness_ARXIV_black.pdf,19,reference,0.950747310239875,0.9818518284909974
PdfAct,121.tar_1606.08926.gz_p_black.pdf,37,reference,0.0015378700499807,0.0841175918098994
PdfAct,104.tar_1606.00929.gz_HOPEpaper_black.pdf,15,reference,0.0,0.0
PdfAct,103.tar_1606.00563.gz_RPM_black.pdf,23,reference,0.9176036848459772,0.9741075307739115
PdfAct,115.tar_1606.05908.gz_vae_tutorial_black.pdf,21,reference,0.9128303346831624,0.9542425062950398
PdfAct,114.tar_1606.05626.gz_GY16_v1_black.pdf,24,reference,0.9286486324660812,0.9946561226383106
PdfAct,112.tar_1606.04639.gz_2016_0219_IEEE_JSTSP_black.pdf,10,reference,0.0,0.0
PdfAct,107.tar_1606.02532.gz_article_black.pdf,103,reference,0.0031210986267166,0.1286786847071104
PdfAct,110.tar_1606.03508.gz_prelim_black.pdf,68,reference,0.0084581497797356,0.1293835068054443
PdfAct,110.tar_1606.03683.gz_Muskat-22_black.pdf,14,reference,0.0,0.0
PdfAct,117.tar_1606.06702.gz_spie17_crowdsourcing_vc_black.pdf,6,reference,0.0,0.0
PdfAct,107.tar_1606.02352.gz_pvalue_black.pdf,14,reference,0.925886612087453,0.9786113351034371
PdfAct,123.tar_1606.09434.gz_nucleon_parity_matter12_black.pdf,12,reference,0.0,0.0
PdfAct,111.tar_1606.04312.gz_ManuscriptUgolini_black.pdf,13,reference,0.0,0.0
PdfAct,121.tar_1606.08926.gz_p_black.pdf,45,reference,0.0007653061224489,0.0932380881142942
PdfAct,102.tar_1606.00027.gz_SPP_CPA_black.pdf,4,reference,0.0,0.0
PdfAct,107.tar_1606.02501.gz_mnras_manuscript_black.pdf,9,reference,0.0,0.0
PdfAct,116.tar_1606.06107.gz_A_decoupled_scheme_based_on_the_Hermite_expansion_to_construct_lattice_Boltzmann_models_A_black.pdf,9,reference,0.0,0.0
PdfAct,113.tar_1606.05138.gz_ms_black.pdf,15,reference,0.0,0.0
PdfAct,120.tar_1606.08050.gz_main_percol2_black.pdf,16,reference,0.0,0.0
PdfAct,121.tar_1606.08775.gz_gi99_black.pdf,7,reference,0.0,0.0
PdfAct,111.tar_1606.04164.gz_zrnmt_black.pdf,8,reference,0.9194818432973526,0.9637629931988513
PdfAct,116.tar_1606.06426.gz_paper_black.pdf,6,reference,0.0,0.0
PdfAct,104.tar_1606.00977.gz_ms_black.pdf,15,reference,0.0,0.0
PdfAct,114.tar_1606.05296.gz_simple_black.pdf,11,reference,0.9751422606364896,0.9721138894916073
PdfAct,103.tar_1606.00433.gz_jcap_v2_black.pdf,22,reference,0.0038550501156515,0.0600370885489105
PdfAct,104.tar_1606.01168.gz_RegInherit_black.pdf,20,reference,0.0,0.0
PdfAct,112.tar_1606.04700.gz_manucmbl2_black.pdf,5,reference,0.0,0.0
PdfAct,103.tar_1606.00712.gz_the_GR_overdensity_black.pdf,10,reference,0.0,0.0
PdfAct,115.tar_1606.05748.gz_AJP-MS28002-5Berche28002_RvsdJune2016ArXiv_black.pdf,25,reference,0.0,0.0
PdfAct,103.tar_1606.00491.gz_FRMMt_black.pdf,19,reference,0.9558615146823516,0.9964327006848539
PdfAct,118.tar_1606.07265.gz_Psi-Epistemic_Quantum_Cosmology_black.pdf,26,reference,0.9358161898291404,0.9558096658490809
PdfAct,109.tar_1606.03269.gz_ResumJIMWLK_black.pdf,22,reference,0.9028213346644288,0.9797358401130013
PdfAct,105.tar_1606.01466.gz_ms_black.pdf,5,reference,0.0,0.0
PdfAct,122.tar_1606.09161.gz_paper_final_v5_black.pdf,8,reference,0.0,0.0
PdfAct,108.tar_1606.02883.gz_pilotwave_black.pdf,8,reference,0.0,0.0
PdfAct,115.tar_1606.05691.gz_DACGrev20160617ArXiv_black.pdf,33,reference,0.9567447643188216,0.9587765930844353
PdfAct,116.tar_1606.06098.gz_paper_black.pdf,12,reference,0.9721050710929384,0.9979786601483396
PdfAct,121.tar_1606.08679.gz_VarianceReplica6_black.pdf,18,reference,0.9883428451978792,0.9655496595833436
PdfAct,104.tar_1606.01107.gz_v3-Laiche-Sopena-Bouchemakh_-_Packing_Coloring_of_Undirected_and_Oriented_Generalized_Theta_Graphs_black.pdf,15,reference,0.9222326592712866,0.9723483589139927
PdfAct,102.tar_1606.00144.gz_math_model_arxiv_black.pdf,24,reference,0.9418155611612634,0.9807931535941474
PdfAct,103.tar_1606.00803.gz_main_black.pdf,12,reference,0.9279338049560772,0.9704572384659562
PdfAct,115.tar_1606.05893.gz_paper_black.pdf,14,reference,0.931379097799222,0.9809841835834503
PdfAct,104.tar_1606.00951.gz_htautau-long-601_black.pdf,18,reference,0.0,0.0
PdfAct,117.tar_1606.06779.gz_GeTe_arXiv_black.pdf,6,reference,0.0,0.0
PdfAct,109.tar_1606.03145.gz_qcdtop9_black.pdf,16,reference,0.0,0.0
PdfAct,106.tar_1606.01699.gz_n4490_08_black.pdf,10,reference,0.0,0.0
PdfAct,107.tar_1606.02202.gz_arxiv-v2-EHX_black.pdf,22,reference,0.9618712655560198,0.9544512296393227
PdfAct,105.tar_1606.01403.gz_springerplus_profiler_ver3_black.pdf,11,reference,0.98559415203053,0.9820676034941486
PdfAct,106.tar_1606.01981.gz_DNN_Robust_arXiv_black.pdf,8,reference,0.9175030798331968,0.9595061857088298
PdfAct,112.tar_1606.04411.gz_main_black.pdf,12,reference,0.0,0.0
PdfAct,102.tar_1606.00025.gz_RD16_black.pdf,8,reference,0.9374763551847316,0.9557789843884588
PdfAct,102.tar_1606.00191.gz_main_black.pdf,30,reference,0.0,0.0
PdfAct,113.tar_1606.05029.gz_kgqa_emnlp_short_black.pdf,6,reference,0.9412610788162324,0.9676423433569353
PdfAct,105.tar_1606.01413.gz_PiRingMetamaterial_black.pdf,8,reference,0.0,0.0
PdfAct,121.tar_1606.08922.gz_v1_black.pdf,17,reference,0.0,0.0
PdfAct,117.tar_1606.07062.gz_paper_black.pdf,18,reference,0.9772743610725774,0.9531529140530685
PdfAct,116.tar_1606.06449.gz_torellilogrs_black.pdf,11,reference,0.0,0.0
PdfAct,112.tar_1606.04399.gz_paper_black.pdf,9,reference,0.0,0.0
PdfAct,114.tar_1606.05391.gz_TechniqueReportSchedulingFlows_black.pdf,8,reference,0.0,0.0
PdfAct,119.tar_1606.07892.gz_template_black.pdf,23,reference,0.0,0.0
PdfAct,114.tar_1606.05345.gz_universality_black.pdf,11,reference,0.0,0.0
PdfAct,102.tar_1606.00003.gz_FormFlavorManual_black.pdf,44,reference,0.0039108330074305,0.0085773101555352
PdfAct,108.tar_1606.02690.gz_SSCCA_April012016__SSafoetal_black.pdf,20,reference,0.9154263009932884,0.9976533121235217
PdfAct,112.tar_1606.04654.gz_draft9_black.pdf,15,reference,0.029090909090909,0.1350938151494092
PdfAct,113.tar_1606.04979.gz_Hoadley_2016SPIEmanuscript_black.pdf,18,reference,0.0,0.0
PdfAct,122.tar_1606.09004.gz_AlzheimerMANOVA_black.pdf,35,reference,0.0032020493115593,0.0255763853875417
PdfAct,105.tar_1606.01299.gz_single_black.pdf,29,reference,0.0,0.0
PdfAct,113.tar_1606.05107.gz_McParlandEtAl_black.pdf,29,reference,0.983129303012705,0.9730354957434625
PdfAct,105.tar_1606.01574.gz_Two-Temp_Ratchet_black.pdf,24,reference,0.0,0.0
PdfAct,108.tar_1606.02904.gz_Dubrovnik2016-v2_black.pdf,15,reference,0.9368514496367554,0.983701041829131
PdfAct,117.tar_1606.06975.gz_arxiv_black.pdf,22,reference,0.9186716852644232,0.9624558812665316
PdfAct,107.tar_1606.02629.gz_PRST-ECLASSgender-v9_black.pdf,9,reference,0.0,0.0
PdfAct,106.tar_1606.01821.gz_h2exc_black.pdf,7,reference,0.9300994176147496,0.974018624268284
PdfAct,119.tar_1606.07668.gz_manuscript_black.pdf,19,reference,0.0,0.0
PdfAct,104.tar_1606.01038.gz_rcfd_journal_black.pdf,12,reference,0.0,0.0
PdfAct,117.tar_1606.06977.gz_arb_plain_black.pdf,23,reference,0.929731152940172,0.9722850951349316
PdfAct,105.tar_1606.01209.gz_ms_black.pdf,9,reference,0.0,0.0
PdfAct,114.tar_1606.05274.gz_Prep_N=3_f_black.pdf,25,reference,0.961010687955893,0.9538865954018801
PdfAct,120.tar_1606.07968.gz_GWP_black.pdf,6,reference,0.9705582629255738,0.9790466882948612
PdfAct,112.tar_1606.04426.gz_140616_black.pdf,9,reference,0.0,0.0
PdfAct,104.tar_1606.00907.gz_bifurcation_monte_carlo_for_double_well_problem_black.pdf,19,reference,0.9406437782802678,0.9784208506275881
PdfAct,120.tar_1606.08181.gz_gradedbetti_reworked_black.pdf,38,reference,0.0,0.0471380471380472
PdfAct,106.tar_1606.02144.gz_elsarticle-template_black.pdf,12,reference,0.0,0.0
PdfAct,106.tar_1606.01742.gz_ADiT3_black.pdf,13,reference,0.9735494519514918,0.9800553946356247
PdfAct,116.tar_1606.06335.gz_local_v4_black.pdf,25,reference,0.0,0.0
PdfAct,111.tar_1606.03990.gz_paper_black.pdf,9,reference,0.0,0.0
PdfAct,112.tar_1606.04539.gz_SVDpt_v1_black.pdf,10,reference,0.0,0.0
PdfAct,120.tar_1606.08366.gz_main_black.pdf,7,reference,0.0,0.0
PdfAct,102.tar_1606.00372.gz_emnlp2016_black.pdf,7,reference,0.0079681274900398,0.067843631778058
PdfAct,117.tar_1606.07001.gz_darwin_sensitivity_v6_black.pdf,33,reference,0.0025056376847907,0.1829867128827267
PdfAct,114.tar_1606.05294.gz_bare_conf_black.pdf,4,reference,0.0,0.0
PdfAct,111.tar_1606.04105.gz_DMRG_DimerModel_arXiv2_black.pdf,14,reference,0.0,0.0
PdfAct,104.tar_1606.01016.gz_coupled_resampling_revision2_black.pdf,19,reference,0.9710612929689354,0.9667782219277685
PdfAct,119.tar_1606.07813.gz_sdwfrac8_black.pdf,28,reference,0.0,0.0
PdfAct,117.tar_1606.06875.gz_Bending_black.pdf,4,reference,0.0,0.0
PdfAct,105.tar_1606.01317.gz_Commuters_black.pdf,16,reference,0.0,0.0
PdfAct,104.tar_1606.00937.gz_square_black.pdf,8,reference,0.0,0.0
PdfAct,112.tar_1606.04719.gz_arxiv2_black.pdf,21,reference,0.9777811560743028,0.9619463401105119
PdfAct,121.tar_1606.08754.gz_optact_nanostructures_my_format_pack_black.pdf,10,reference,0.0,0.0
PdfAct,114.tar_1606.05389.gz_dounas-frazer_tsepistemology_PERC-2016_black.pdf,3,reference,0.0,0.0
PdfAct,110.tar_1606.03508.gz_prelim_black.pdf,76,reference,0.0102600389173889,0.1194599691805238
PdfAct,112.tar_1606.04387.gz_varmindegfinal_black.pdf,14,reference,0.0,0.0
PdfAct,120.tar_1606.08117.gz_paper_black.pdf,5,reference,0.9907817197867226,0.9855546666874734
PdfAct,117.tar_1606.06911.gz_ArXiV-Version-06.22_black.pdf,6,reference,0.0088888888888888,0.1907356948228883
PdfAct,111.tar_1606.04003.gz_16IsingRB4_arxiv_submission_black.pdf,16,reference,0.0,0.0
PdfAct,111.tar_1606.04352.gz_New_superpotential_black.pdf,5,reference,0.0,0.0
PdfAct,116.tar_1606.06218.gz_BagEV-NA49-v8_black.pdf,11,reference,0.0,0.0
PdfAct,107.tar_1606.02389.gz_marielin_black.pdf,20,reference,0.9116366477392616,0.9620964195120768
PdfAct,123.tar_1606.09458.gz_vote_boosting_black.pdf,10,reference,0.0,0.0
PdfAct,107.tar_1606.02391.gz_Saakian-Qian-on-JLE_black.pdf,9,reference,0.0,0.0
PdfAct,111.tar_1606.04008.gz_RSI_Taha_v2_black.pdf,3,reference,0.0,0.0
PdfAct,122.tar_1606.09115.gz_motifs_last_arXiv_black.pdf,8,reference,0.0,0.0
PdfAct,120.tar_1606.08281.gz_ninth_draft_black.pdf,7,reference,0.0,0.0
PdfAct,106.tar_1606.02052.gz_Bolidozor_black.pdf,11,reference,0.0,0.0
PdfAct,122.tar_1606.09403.gz_emnlp2016_arxiv_black.pdf,8,reference,0.9960402220471064,0.9830449212931022
PdfAct,107.tar_1606.02320.gz_bases_for_mult_sets_arxiv_black.pdf,8,reference,0.0,0.0
PdfAct,110.tar_1606.03515.gz_smith_jcap_black.pdf,23,reference,0.0064516129032258,0.0809120418019159
PdfAct,111.tar_1606.04083.gz_plurality_rule_black.pdf,20,reference,0.0,0.0
PdfAct,117.tar_1606.06688.gz_InfCluster160621_black.pdf,10,reference,0.0,0.0
PdfAct,115.tar_1606.05718.gz_camelyon2016_becklab_black.pdf,5,reference,0.978347146729436,0.9636393674386431
PdfAct,122.tar_1606.09388.gz_LKC17arxiv_black.pdf,44,reference,0.9625280021981308,0.9539953234003985
PdfAct,119.tar_1606.07838.gz_infinite-derivatives_black.pdf,18,reference,0.9486079478937998,0.9776737790692539
PdfAct,111.tar_1606.04167.gz_paper_black.pdf,13,reference,0.0,0.0
PdfAct,122.tar_1606.09055.gz_VLQR_NO_black.pdf,16,reference,0.0,0.0
PdfAct,106.tar_1606.01999.gz_Coulomb-MBS_CC_black.pdf,8,reference,0.0,0.0
PdfAct,106.tar_1606.02136.gz_paper_black.pdf,14,reference,0.0,0.0
PdfAct,106.tar_1606.01829.gz_GRF2015-rev2_black.pdf,33,reference,0.9175589147890112,0.9611006300085376
PdfAct,105.tar_1606.01232.gz_GOU-ergod_black.pdf,21,reference,0.912112006699624,0.9815655028475486
PdfAct,111.tar_1606.04009.gz_Lee_black.pdf,10,reference,0.0,0.0
PdfAct,111.tar_1606.04167.gz_paper_black.pdf,14,reference,0.0,0.0
PdfAct,103.tar_1606.00813.gz_generalized-root-model-nips-2016_black.pdf,9,reference,0.9016757534644536,0.9615651367301987
PdfAct,111.tar_1606.04298.gz_manuscript_black.pdf,11,reference,0.9264590796064354,0.9735742508391769
PdfAct,122.tar_1606.08974.gz_The_meanMax_statistic_in_extreme_value_analysis_black.pdf,14,reference,0.9222695426161432,0.9825943443992916
PdfAct,116.tar_1606.06221.gz_neutrinoless-journal-resubmit_black.pdf,17,reference,0.9999566336522516,0.9886039784160431
PdfAct,108.tar_1606.03028.gz_allqsorvy2_black.pdf,15,reference,0.0,0.0
PdfAct,104.tar_1606.00922.gz_main_paper_arxiv_black.pdf,22,reference,0.9040214256863474,0.9991528166276037
PdfAct,122.tar_1606.09321.gz_EnKF-cpam-rev1_black.pdf,40,reference,0.9433933403068824,0.9569236590518947
PdfAct,109.tar_1606.03237.gz_main_black.pdf,19,reference,0.0,0.0
PdfAct,118.tar_1606.07144.gz_Hamiltonian_Realizations_of__3+1_-TQFTs_black.pdf,40,reference,0.9770709861283516,0.9700998037414538
PdfAct,106.tar_1606.01728.gz_Non-Markovian_property_of_afterpulsing_effect_in_single-photon_avalanche_detector_black.pdf,8,reference,0.0,0.0
PdfAct,102.tar_1606.00027.gz_SPP_CPA_black.pdf,5,reference,0.0,0.0
PdfAct,112.tar_1606.04520.gz_arxivVersion_black.pdf,8,reference,0.0,0.0
PdfAct,115.tar_1606.05885.gz_ms_black.pdf,16,reference,0.0,0.0
PdfAct,115.tar_1606.05713.gz_final_to_arxiv_black.pdf,44,reference,0.0,0.0
PdfAct,119.tar_1606.07673.gz_pseudo2016_v2final_black.pdf,16,reference,0.9670342131515476,0.9650795101586445
PdfAct,106.tar_1606.02063.gz_Unlikely_Intersections_black.pdf,19,reference,0.0,0.0
PdfAct,112.tar_1606.04586.gz_nips_2016_black.pdf,8,reference,0.9663186374140988,0.961564739427334
PdfAct,103.tar_1606.00590.gz_voidv2_black.pdf,6,reference,0.0019685039370078,0.1279165522920669
PdfAct,107.tar_1606.02532.gz_article_black.pdf,105,reference,0.0037429819089207,0.1266392208053017
PdfAct,117.tar_1606.07071.gz_ms_black.pdf,77,reference,0.0046007627580362,0.0590980047599143
PdfAct,120.tar_1606.08485.gz_R3_black.pdf,23,reference,0.9024235343799104,0.9870594901600472
PdfAct,115.tar_1606.05952.gz_Non-Transiting_Exo-Planets_With_Dusty_Tails_black.pdf,6,reference,0.0,0.0
PdfAct,119.tar_1606.07645.gz_cob_baobab2016May30_black.pdf,27,reference,0.0,0.0
PdfAct,115.tar_1606.05866.gz_RFirstSR_black.pdf,9,reference,0.9211776968353788,0.9934347179716325
PdfAct,112.tar_1606.04791.gz_ICCV5arXiv_black.pdf,7,reference,0.0,0.0
PdfAct,110.tar_1606.03723.gz_arxiv_black.pdf,4,reference,0.0,0.0
PdfAct,113.tar_1606.05116.gz_Geom_clas_quant-revtex_black.pdf,19,reference,0.0,0.0
PdfAct,117.tar_1606.06743.gz_main_black.pdf,9,reference,0.0,0.0
PdfAct,117.tar_1606.06538.gz_mixedmoments_black.pdf,6,reference,0.0,0.0
PdfAct,122.tar_1606.09015.gz_icols_arxiv_black.pdf,12,reference,0.0,0.0
PdfAct,110.tar_1606.03671.gz_siqueiraaf-segstarlet_jan2014_black.pdf,14,reference,0.958213237171098,0.9947335720469986
PdfAct,121.tar_1606.08834.gz_pbl-report_black.pdf,14,reference,0.9633353640139924,0.9973995099934372
PdfAct,104.tar_1606.01079.gz_hep_black.pdf,26,reference,0.0,0.0
PdfAct,111.tar_1606.03986.gz_MattaDiMauroLongo2016_ARXIV_newvers_black.pdf,32,reference,0.0,0.0
PdfAct,115.tar_1606.05866.gz_RFirstSR_black.pdf,7,reference,0.0,0.0567663456664976
PdfAct,119.tar_1606.07474.gz_Permanents_and_matrix_norms_black.pdf,12,reference,0.9125523085926502,0.9887353524801119
PdfAct,105.tar_1606.01327.gz_envelope_black.pdf,22,reference,0.0,0.0
PdfAct,118.tar_1606.07289.gz_tuia2016nonconvex_black.pdf,9,reference,0.0,0.0
PdfAct,119.tar_1606.07630.gz_main_black.pdf,12,reference,0.9595542023676824,0.9957785894533033
PdfAct,106.tar_1606.01668.gz_paper_black.pdf,16,reference,0.0,0.0
PdfAct,121.tar_1606.08667.gz_hard_capacity_domination-arxiv_black.pdf,12,reference,0.9213816765911612,0.989499855555449
PdfAct,117.tar_1606.06581.gz_ETH-counting_arxiv_black.pdf,14,reference,0.943349191128358,0.9825695902628834
PdfAct,112.tar_1606.04456.gz_cluster_computing_black.pdf,15,reference,0.9229875231447504,0.9919248651918048
PdfAct,105.tar_1606.01385.gz_GAJ-2016-arXiv_black.pdf,20,reference,0.9373298269023268,0.9669278875634026
PdfAct,113.tar_1606.04983.gz_ms_black.pdf,12,reference,0.0,0.0
PdfAct,121.tar_1606.08775.gz_gi99_black.pdf,8,reference,0.0,0.0
PdfAct,118.tar_1606.07348.gz_atomic_molecular_Bose_Einstein_condensates_with_space_modulated_nonlinearity1_black.pdf,20,reference,0.0,0.0
PdfAct,112.tar_1606.04470.gz_StabilityPartLockedStates_black.pdf,28,reference,0.9746123064254312,0.9796181139071954
PdfAct,118.tar_1606.07396.gz_SingleColumn_black.pdf,26,reference,0.0,0.0
PdfAct,109.tar_1606.03336.gz_Harmonic_black.pdf,15,reference,0.90974698344343,0.9942468509743572
PdfAct,119.tar_1606.07673.gz_pseudo2016_v2final_black.pdf,18,reference,0.9420968622042936,0.9567341849686205
PdfAct,109.tar_1606.03305.gz_3print_black.pdf,31,reference,0.0012650221378874,0.0757768028715419
PdfAct,112.tar_1606.04717.gz_draft_black.pdf,50,reference,0.0,0.0
PdfAct,117.tar_1606.07063.gz_inclusive-FJF-1105_black.pdf,23,reference,0.9688460464512628,0.9505549410837254
PdfAct,103.tar_1606.00833.gz_ruchti_swoc_black.pdf,11,reference,0.0,0.0
PdfAct,111.tar_1606.03940.gz_paper-final_black.pdf,33,reference,0.0046189376443418,0.1010452961672473
PdfAct,112.tar_1606.04457.gz_C-paper-final_black.pdf,22,reference,0.9775390382742828,0.9843108742451044
PdfAct,104.tar_1606.01143.gz_arxiv_3Jun_black.pdf,17,reference,0.0,0.0
PdfAct,113.tar_1606.05003.gz_MOND_Janz_etal_revision_v2_black.pdf,6,reference,0.0,0.0
PdfAct,118.tar_1606.07128.gz_manuscript_manganese_black.pdf,25,reference,0.0,0.0
PdfAct,114.tar_1606.05583.gz_maximals-0.19_black.pdf,21,reference,0.0023282887077997,0.1735247208931419
PdfAct,105.tar_1606.01480.gz_CRpulsars_final_v3_black.pdf,18,reference,0.0,0.0
PdfAct,111.tar_1606.04149.gz_interference_black.pdf,27,reference,0.9740733034612674,0.9969074058643521
PdfAct,112.tar_1606.04651.gz_ms-zwcl2701_rev2_black.pdf,12,reference,0.0,0.0
PdfAct,109.tar_1606.03175.gz_interference_black.pdf,34,reference,0.0,0.0
PdfAct,113.tar_1606.05099.gz_articlegausskuzminels_black.pdf,24,reference,0.0,0.0
PdfAct,120.tar_1606.08476.gz_Fusion_2016_Dynamic_HDP_black.pdf,7,reference,0.0,0.0
PdfAct,111.tar_1606.03945.gz_PaperYBO_black.pdf,8,reference,0.0,0.0
PdfAct,107.tar_1606.02536.gz_MS_arXiv_black.pdf,13,reference,0.0,0.0
PdfAct,112.tar_1606.04595.gz_Article_6_APS_black.pdf,5,reference,0.0,0.0
PdfAct,102.tar_1606.00017.gz_draftHT-arXiv_v2_black.pdf,5,reference,0.0,0.0
PdfAct,120.tar_1606.07979.gz_ramsey_black.pdf,55,reference,0.9464164385623977,0.9648873796399426
PdfAct,113.tar_1606.04898.gz_hutten_etal_arxivV2_black.pdf,49,reference,0.0013682230203523,0.1392448005010307
PdfAct,106.tar_1606.02065.gz_abdullaev_eng2_black.pdf,19,reference,0.0,0.0
PdfAct,104.tar_1606.00996.gz_completePaper_black.pdf,19,reference,0.9548868759751148,0.9873533128628394
PdfAct,102.tar_1606.00157.gz_548_black.pdf,24,reference,0.0019102196752626,0.1116979139160285
PdfAct,107.tar_1606.02661.gz_graph_walk_pra_black.pdf,5,reference,0.0,0.0
PdfAct,119.tar_1606.07714.gz_higherbrabelvar_black.pdf,9,reference,0.0,0.0
PdfAct,105.tar_1606.01301.gz_SiC_VectorMagnetometry_2016-09-21_colored_eps_arxiv_black.pdf,4,reference,0.0,0.0
PdfAct,106.tar_1606.01757.gz_ms_2column_black.pdf,11,reference,0.0,0.0
PdfAct,102.tar_1606.00347.gz_article_black.pdf,18,reference,0.0,0.0
PdfAct,119.tar_1606.07653.gz_cell-shapes_black.pdf,37,reference,0.0052539404553415,0.0132481665483794
PdfAct,111.tar_1606.04191.gz_CL2016-1158-ArXiV_black.pdf,4,reference,0.0,0.0
PdfAct,116.tar_1606.06076.gz_RosenfeldCommentaryArX_black.pdf,59,reference,0.9629747428039764,0.9937040980755475
PdfAct,112.tar_1606.04408.gz_htmg2_black.pdf,22,reference,0.0,0.0
PdfAct,111.tar_1606.04130.gz_main_black.pdf,12,reference,0.962321611431886,0.980794580168164
PdfAct,110.tar_1606.03571.gz_radio_networks_journal_v7_black.pdf,16,reference,0.9171713087854384,0.9866709366840636
PdfAct,116.tar_1606.06299.gz_GAMA_meta_SFR_black.pdf,27,reference,0.0,0.0
PdfAct,122.tar_1606.09299.gz_CountingSquares_black.pdf,36,reference,0.9721300613828412,0.9810039122337768
PdfAct,110.tar_1606.03565.gz_PCCP_black.pdf,22,reference,0.0,0.0
PdfAct,113.tar_1606.04862.gz_n448_clean_black.pdf,8,reference,0.0,0.0
PdfAct,116.tar_1606.06237.gz_onlinetpm_black.pdf,9,reference,0.9459861852467332,0.960406815924065
PdfAct,103.tar_1606.00595.gz_superburst_black.pdf,7,reference,0.0,0.0
PdfAct,118.tar_1606.07437.gz_GW_elliptical_black.pdf,11,reference,0.0,0.0
PdfAct,111.tar_1606.03938.gz_paper_83mm_black.pdf,26,reference,0.991241043470984,0.974218748891017
PdfAct,112.tar_1606.04434.gz_arxiv_black.pdf,18,reference,0.90122681657634,0.9940174829782893
PdfAct,112.tar_1606.04743.gz_JUNO_17lom_black.pdf,5,reference,0.0,0.0
PdfAct,121.tar_1606.08574.gz_manuscript_black.pdf,5,reference,0.0,0.0
PdfAct,108.tar_1606.03071.gz_main_black.pdf,17,reference,0.9043954910130664,0.9834947216041865
PdfAct,102.tar_1606.00003.gz_FormFlavorManual_black.pdf,52,reference,0.0035637918745545,0.162794373320689
PdfAct,105.tar_1606.01283.gz_emnlp2016_black.pdf,4,reference,0.0,0.0
PdfAct,108.tar_1606.02721.gz_main_draft_black.pdf,41,reference,0.9431144940716228,0.9931586324012995
PdfAct,106.tar_1606.02087.gz_Connected_SC_LDPC_Codes_2016_TCOM_black.pdf,26,reference,0.0,0.0
PdfAct,119.tar_1606.07953.gz_rnn_v1_black.pdf,9,reference,0.913805215665753,0.9878036904829828
PdfAct,113.tar_1606.04963.gz_manuscript_black.pdf,7,reference,0.9248671891832996,0.9524465123267745
PdfAct,115.tar_1606.05742.gz_kidess_pof_black.pdf,28,reference,0.0,0.0
PdfAct,105.tar_1606.01323.gz_clark-manning-acl16-improving_black.pdf,10,reference,0.9093263098522862,0.9739133840920903
PdfAct,118.tar_1606.07127.gz_PRD-Single-PION-Production-Aug18_black.pdf,16,reference,0.0,0.0
PdfAct,102.tar_1606.00113.gz_RCO_black.pdf,17,reference,0.9550686953773948,0.9742540940671136
PdfAct,115.tar_1606.05771.gz_ReportV2_black.pdf,7,reference,0.0,0.0
PdfAct,115.tar_1606.05848.gz_Accepted_icfp-140616_black.pdf,24,reference,0.9421877043754432,0.9863470726150628
PdfAct,116.tar_1606.06016.gz_Article_Ryabtsev_black.pdf,14,reference,0.0,0.0
PdfAct,108.tar_1606.02841.gz_supc_black.pdf,5,reference,0.0,0.0
PdfAct,115.tar_1606.05686.gz_paper_as_black.pdf,16,reference,0.0,0.0
PdfAct,104.tar_1606.00921.gz_BNRR_arXiv_black.pdf,19,reference,0.972689056022718,0.9799565880008478
PdfAct,114.tar_1606.05314.gz_mostepanenko_black.pdf,10,reference,0.0,0.0
PdfAct,118.tar_1606.07137.gz_acl2015_black.pdf,3,reference,0.0038684719535783,0.1606346058502727
PdfAct,105.tar_1606.01562.gz_SAW_in_dip_Fermions_10s_black.pdf,13,reference,0.0,0.0
PdfAct,123.tar_1606.09424.gz_ShapleyVarianceArXiv20170101_black.pdf,20,reference,0.9816783714919493,0.9768620528656244
PdfAct,109.tar_1606.03315.gz_quaternions_black.pdf,9,reference,0.1700680272108843,0.1532884515794924
PdfAct,113.tar_1606.05143.gz_are_black.pdf,5,reference,0.9092624578696632,0.9553516086451163
PdfAct,114.tar_1606.05270.gz_paper_black.pdf,27,reference,0.0,0.0
PdfAct,108.tar_1606.03005.gz_Anisotropic_submission_June_9_black.pdf,13,reference,0.0,0.0
PdfAct,116.tar_1606.06151.gz_R2CSarXiv_black.pdf,12,reference,0.9591363304407572,0.9985382106472949
PdfAct,117.tar_1606.06587.gz_ngc188_black.pdf,6,reference,0.0,0.0
PdfAct,121.tar_1606.08879.gz_main_pub_black.pdf,31,reference,0.0,0.0
PdfAct,107.tar_1606.02260.gz_lightcone_sle_kappa_rho_black.pdf,37,reference,0.9313529414141236,0.9760093168360631
PdfAct,110.tar_1606.03844.gz_llda_arxiv_v3_black.pdf,19,reference,0.9576157114688364,0.9812462167587978
PdfAct,114.tar_1606.05529.gz_template_black.pdf,16,reference,0.0,0.0
PdfAct,114.tar_1606.05634.gz_paper_black.pdf,13,reference,0.0,0.0
PdfAct,122.tar_1606.08984.gz_Draft_Paper_v15_black.pdf,27,reference,0.9386084382646622,0.950497100963358
PdfAct,117.tar_1606.06881.gz_CPS-JLAMP-kadd_A_black.pdf,37,reference,0.9883505030483176,0.984105042519053
PdfAct,121.tar_1606.08700.gz_manuscript23p_arXiv_version_black.pdf,17,reference,0.0,0.0
PdfAct,117.tar_1606.06906.gz_LF_arXiv_black.pdf,6,reference,0.0,0.0
PdfAct,119.tar_1606.07673.gz_pseudo2016_v2final_black.pdf,15,reference,0.96679807097615,0.982296588382224
PdfAct,107.tar_1606.02278.gz_commutingoperator_black.pdf,8,reference,0.0,0.0
PdfAct,107.tar_1606.02532.gz_article_black.pdf,106,reference,0.0037647058823529,0.1177088170566739
PdfAct,116.tar_1606.06263.gz_blocker_black.pdf,9,reference,0.91837962460499,0.9806013363086381
PdfAct,109.tar_1606.03278.gz_ms_arxiv_black.pdf,28,reference,0.9671483615172164,0.9562506076814427
PdfAct,111.tar_1606.04246.gz_HBH_black.pdf,15,reference,0.9609074881654404,0.9680054547886745
PdfAct,105.tar_1606.01371.gz_revenue_ordered_assortments_journal_version_black.pdf,31,reference,0.0,0.0
PdfAct,103.tar_1606.00631.gz_not_closed.20160602_black.pdf,9,reference,0.9041253550307052,0.9824085075218916
PdfAct,102.tar_1606.00285.gz_robocup-symposium-2016_black.pdf,10,reference,0.9344661187322418,0.9815975933929807
PdfAct,105.tar_1606.01404.gz_nlci_black.pdf,4,reference,0.0,0.0
PdfAct,110.tar_1606.03722.gz_2print_black.pdf,11,reference,0.9994934616391764,0.9723495886735708
PdfAct,110.tar_1606.03734.gz_exhya-revised-3_black.pdf,14,reference,0.0,0.0
PdfAct,119.tar_1606.07453.gz_heatbath_ci_black.pdf,10,reference,0.0,0.0
PdfAct,111.tar_1606.04097.gz_particlecreation_revised_black.pdf,11,reference,0.0,0.0
PdfAct,102.tar_1606.00026.gz_Enceladus_as_submitted_to_PNAS_v6bis_for_arxiv_black.pdf,40,reference,0.0,0.0
PdfAct,107.tar_1606.02569.gz_bubble_black.pdf,20,reference,0.0,0.0
PdfAct,105.tar_1606.01460.gz_TIP_dehazing_2014_two_bib_black.pdf,13,reference,0.0,0.0
PdfAct,112.tar_1606.04393.gz_deepdarwin_SPL_v2_black.pdf,4,reference,0.0,0.0
PdfAct,108.tar_1606.02809.gz_UserAdmissonMassiveMIMO_GLOBECOM_v2_black.pdf,6,reference,0.0,0.0
PdfAct,122.tar_1606.09007.gz_OMcoolSqueez_2016-11-14_arxiv_black.pdf,4,reference,0.0,0.0
PdfAct,122.tar_1606.09159.gz_HAUXpaper-AIP_black.pdf,9,reference,0.0,0.0
PdfAct,108.tar_1606.02706.gz_Halpha_black.pdf,29,reference,0.0,0.0
PdfAct,107.tar_1606.02611.gz_so44_revmario_black.pdf,27,reference,0.0,0.0
PdfAct,113.tar_1606.05079.gz_optimal_liquidation_SPA_revision_1_black.pdf,34,reference,0.9335774159791468,0.9780149286283236
PdfAct,103.tar_1606.00791.gz_cosetpaperprdr_black.pdf,39,reference,0.0,0.0
PdfAct,116.tar_1606.06450.gz_lrw_clst_17_arxiv_black.pdf,11,reference,0.0,0.0
PdfAct,106.tar_1606.01801.gz_YorkTimeCosmPhenomena_black.pdf,9,reference,0.0,0.0
PdfAct,103.tar_1606.00639.gz_blocking_black.pdf,17,reference,0.9230088161360522,0.9947376855773593
PdfAct,107.tar_1606.02212.gz_EC_ArXiv_final_black.pdf,12,reference,0.0,0.0
PdfAct,117.tar_1606.06997.gz_arxiv_black.pdf,6,reference,0.0,0.0
PdfAct,106.tar_1606.01747.gz_EDM_m331_PRDrs_black.pdf,17,reference,0.0,0.0
PdfAct,111.tar_1606.04339.gz_SwitchPaStaArxiv_black.pdf,9,reference,0.0,0.0
PdfAct,104.tar_1606.01161.gz_emnlp2016_black.pdf,7,reference,0.0056980056980056,0.1027397260273973
PdfAct,102.tar_1606.00016.gz_paper_v7_black.pdf,8,reference,0.0,0.0
PdfAct,106.tar_1606.01662.gz_Yaghoubi_etal2016_NeutralFormat_black.pdf,42,reference,0.0034334763948497,0.0333605505657296
PdfAct,119.tar_1606.07686.gz_wavegamblets49_black.pdf,54,reference,0.0030569354222392,0.1846489488298294
PdfAct,107.tar_1606.02468.gz_corspr_black.pdf,10,reference,0.0,0.0
PdfAct,116.tar_1606.06246.gz_changepointRevarxiv_black.pdf,33,reference,0.0321229050279329,0.1303755594473632
PdfAct,115.tar_1606.05840.gz_MConfPaperPRAv2_black.pdf,5,reference,0.0,0.0
PdfAct,118.tar_1606.07430.gz_SlipStackCB_black.pdf,7,reference,0.0,0.0
PdfAct,118.tar_1606.07330.gz_NS-GHM17_black.pdf,91,reference,0.9245595315903372,0.9783564788730967
PdfAct,105.tar_1606.01217.gz_lathuile_t2kresults_proceedings_black.pdf,7,reference,0.0,0.0
PdfAct,111.tar_1606.04148.gz_a_black.pdf,19,reference,0.0,0.0
PdfAct,107.tar_1606.02644.gz_HAM_GenTaylor_black.pdf,6,reference,0.9832093934046986,0.973507487093941
PdfAct,111.tar_1606.04109.gz_paper_black.pdf,23,reference,0.0,0.0
PdfAct,109.tar_1606.03388.gz_ResourceExtraction6_black.pdf,24,reference,0.9853655134281484,0.9858057263439755
PdfAct,112.tar_1606.04597.gz_acl2016_agree_black.pdf,9,reference,0.9022833078573932,0.9583287385579172
PdfAct,111.tar_1606.04296.gz_techreport_black.pdf,19,reference,0.0035938903863432,0.1845140032948929
PdfAct,103.tar_1606.00612.gz_text_black.pdf,19,reference,0.0,0.0
PdfAct,109.tar_1606.03183.gz_bill4_black.pdf,22,reference,0.0,0.0
PdfAct,120.tar_1606.08083.gz_2016.06.26.arxive_black.pdf,19,reference,0.972765704113171,0.9684035258838654
PdfAct,122.tar_1606.09242.gz_paper_black.pdf,8,reference,0.9396715237895326,0.9573471283519057
PdfAct,103.tar_1606.00486.gz_ThetaIII_black.pdf,19,reference,0.0,0.0
PdfAct,104.tar_1606.01010.gz_Traffic_black.pdf,28,reference,0.9850541666906852,0.9565498212952751
PdfAct,121.tar_1606.08620.gz_gfactLifns8_black.pdf,9,reference,0.0,0.0
PdfAct,106.tar_1606.02100.gz_RadPreassurelessNedNeuObeSah_V2_black.pdf,24,reference,0.0,0.0
PdfAct,108.tar_1606.02781.gz_ms_black.pdf,6,reference,0.0,0.0
PdfAct,121.tar_1606.08586.gz_REfinaldraftminorrevision2_black.pdf,25,reference,0.976857235555582,0.9590943325012498
PdfAct,110.tar_1606.03574.gz_neutron_detector_simulation-02_black.pdf,19,reference,0.0,0.0
PdfAct,117.tar_1606.07071.gz_ms_black.pdf,97,reference,0.0048673643222195,0.0516377649325626
PdfAct,104.tar_1606.00911.gz_main_Landgren_CDC_final_VS_NL_black.pdf,5,reference,0.0,0.0
PdfAct,107.tar_1606.02454.gz_EQG_PTEP_forFinal_v1_black.pdf,27,reference,0.0,0.0
PdfAct,102.tar_1606.00053.gz_schaerer_lyc_black.pdf,4,reference,0.0,0.0
PdfAct,112.tar_1606.04735.gz_ms_black.pdf,11,reference,0.0,0.0
PdfAct,113.tar_1606.04898.gz_hutten_etal_arxivV2_black.pdf,44,reference,0.0017262213015708,0.1323240524895885
PdfAct,119.tar_1606.07874.gz_20160624_hyperplanes-arXiv_black.pdf,9,reference,0.0,0.0
PdfAct,119.tar_1606.07553.gz_resub_black.pdf,12,reference,0.0,0.0
PdfAct,116.tar_1606.06284.gz_MAIN_black.pdf,11,reference,0.9963271775790484,0.9626546339924742
PdfAct,106.tar_1606.01747.gz_EDM_m331_PRDrs_black.pdf,19,reference,0.0,0.0
PdfAct,119.tar_1606.07927.gz_Gold2016Dec11_black.pdf,19,reference,0.9839433540970514,0.9932414658096296
PdfAct,102.tar_1606.00130.gz_A_building_block_for_hardware_belief_networks_black.pdf,14,reference,0.9115556769649944,0.9842820686416168
PdfAct,114.tar_1606.05512.gz_exposant_critique_des_vari__t__s_GH_black.pdf,55,reference,0.0,0.1188512068438741
PdfAct,120.tar_1606.08469.gz_article_vincenzo_black.pdf,8,reference,0.0,0.0
PdfAct,107.tar_1606.02351.gz_ms_black.pdf,11,reference,0.0,0.0
PdfAct,114.tar_1606.05548.gz_AJ_JAM_SROgraphene_black.pdf,6,reference,0.0,0.0
PdfAct,111.tar_1606.04022.gz_apwcs_black.pdf,5,reference,0.0,0.0
PdfAct,119.tar_1606.07665.gz_skycqg_black.pdf,9,reference,0.0,0.0
PdfAct,119.tar_1606.07650.gz_ViscousFriction09_black.pdf,7,reference,0.0,0.0
PdfAct,118.tar_1606.07435.gz_LAE57_black.pdf,13,reference,0.0,0.0
PdfAct,119.tar_1606.07540.gz_Joint_MMM_Intermag_2016_black.pdf,3,reference,0.0,0.0
PdfAct,105.tar_1606.01403.gz_springerplus_profiler_ver3_black.pdf,12,reference,0.9413501285392452,0.9577306807982329
PdfAct,103.tar_1606.00668.gz_Unified_Scalable_Equivalent_Formulations_for_Schatten_Quasi-Norms_black.pdf,19,reference,0.0,0.0
PdfAct,110.tar_1606.03816.gz_campaign_black.pdf,18,reference,0.9546021538431244,0.9953336301304422
PdfAct,118.tar_1606.07109.gz_difference-differential-alg_black.pdf,30,reference,0.0,0.0
PdfAct,118.tar_1606.07323.gz_HWF_Corrections-5.2_black.pdf,5,reference,0.0,0.0
PdfAct,105.tar_1606.01481.gz_betterseg_black.pdf,13,reference,0.051899907321594,0.1672747684535504
PdfAct,114.tar_1606.05563.gz_art_black.pdf,13,reference,0.9502771942031522,0.9701408275540128
PdfAct,116.tar_1606.06092.gz_BobkovTanaka_Nodal2_black.pdf,31,reference,0.919140782738334,0.9672544938631488
PdfAct,107.tar_1606.02660.gz_isoind_black.pdf,12,reference,0.0,0.0
PdfAct,116.tar_1606.06335.gz_local_v4_black.pdf,28,reference,0.0,0.0
PdfAct,117.tar_1606.06578.gz_paper_black.pdf,17,reference,0.0,0.0
PdfAct,111.tar_1606.04059.gz_omega-reducibility_black.pdf,11,reference,0.0,0.0
PdfAct,105.tar_1606.01224.gz_insitu_surfaces_black.pdf,10,reference,0.0,0.0
PdfAct,102.tar_1606.00298.gz_tag_prediction_black.pdf,5,reference,0.0,0.0
PdfAct,119.tar_1606.07501.gz_collider_draft_JHEP_v2_black.pdf,39,reference,0.0025731746542296,0.1742754491017963
PdfAct,116.tar_1606.06361.gz_hdp_parser_black.pdf,34,reference,0.0,0.0
PdfAct,122.tar_1606.09333.gz_rand_RLM_arXiv_black.pdf,10,reference,0.9255141968122578,0.9828028173221113
PdfAct,109.tar_1606.03425.gz_aim_black.pdf,14,reference,0.0,0.0
PdfAct,116.tar_1606.06142.gz_news_portal_art_19_normal_black.pdf,15,reference,0.9820938245172298,0.9711107444216001
PdfAct,112.tar_1606.04535.gz_Article_ArXiv_black.pdf,7,reference,0.9319116528760276,0.975083155116019
PdfAct,116.tar_1606.06492.gz_methanol_twhya_preprint_black.pdf,11,reference,0.0,0.0
PdfAct,110.tar_1606.03561.gz_substorydetection_journal_black.pdf,27,reference,0.984055497096652,0.9946924501080243
PdfAct,117.tar_1606.06557.gz_main_black.pdf,23,reference,0.9422254398679096,0.961874228857001
PdfAct,109.tar_1606.03186.gz_BMdistprojSPADec8_black.pdf,24,reference,0.9425366991120742,0.9733226227294501
PdfAct,106.tar_1606.02144.gz_elsarticle-template_black.pdf,11,reference,0.0,0.0
PdfAct,105.tar_1606.01307.gz_writeup_black.pdf,8,reference,0.0088105726872246,0.1436893203883495
PdfAct,119.tar_1606.07501.gz_collider_draft_JHEP_v2_black.pdf,37,reference,0.0032351989647363,0.1624252940042413
PdfAct,114.tar_1606.05506.gz_sigproc_black.pdf,4,reference,0.0063492063492063,0.1608579088471849
PdfAct,105.tar_1606.01528.gz_Optimal_black.pdf,20,reference,0.948809496038833,0.9538271951708311
PdfAct,123.tar_1606.09419.gz_adaptive_changepoint_alanbenson_nialfriel_black.pdf,28,reference,0.9926892851364504,0.9970106615672721
PdfAct,117.tar_1606.07071.gz_ms_black.pdf,88,reference,0.0049851054775366,0.0516724613355712
PdfAct,116.tar_1606.06253.gz_specification-2018-revision_black.pdf,28,reference,0.0,0.0
PdfAct,107.tar_1606.02295.gz_galrenorm17_black.pdf,28,reference,0.005091649694501,0.1543513957307061
PdfAct,118.tar_1606.07382.gz_koop_arxiv_black.pdf,16,reference,0.0,0.0
PdfAct,110.tar_1606.03890.gz_Full_black.pdf,35,reference,0.938317673405458,0.9961231242387338
PdfAct,106.tar_1606.01759.gz_SWD_CorrNak_final_ArXIV_black.pdf,12,reference,0.0,0.0
PdfAct,104.tar_1606.01000.gz_Eigenfunctions_black.pdf,54,reference,0.9361906025033818,0.9684956523814006
PdfAct,118.tar_1606.07353.gz_gram_black.pdf,34,reference,0.9628105708991396,0.9507034777836139
PdfAct,115.tar_1606.05823.gz_Higgs-DM-Interactions_black.pdf,11,reference,0.9293241989646186,0.9670684247041818
PdfAct,120.tar_1606.08340.gz_formatting-instructions-latex_black.pdf,6,reference,0.9195864059513248,0.9671904660828863
PdfAct,105.tar_1606.01530.gz_arxiv_black.pdf,12,reference,0.988629209041334,0.9970185227327711
PdfAct,121.tar_1606.08602.gz_undu_black.pdf,4,reference,0.0,0.0
PdfAct,106.tar_1606.02149.gz_singlino_black.pdf,16,reference,0.0,0.0
PdfAct,117.tar_1606.06557.gz_main_black.pdf,24,reference,0.999512847190247,0.9996465576762096
PdfAct,107.tar_1606.02282.gz_TropicalPrym_Selecta_after_report_black.pdf,19,reference,0.0,0.0
PdfAct,113.tar_1606.05227.gz_paper_black.pdf,12,reference,0.0,0.0
PdfAct,117.tar_1606.06815.gz_EllipPNe_black.pdf,8,reference,0.0,0.0
PdfAct,110.tar_1606.03508.gz_prelim_black.pdf,75,reference,0.0088589652728561,0.1208778582098126
PdfAct,109.tar_1606.03283.gz_ripplopolcm_black.pdf,10,reference,0.0,0.0
PdfAct,108.tar_1606.02962.gz_MNRASGJ3470_black.pdf,9,reference,0.0,0.0
PdfAct,104.tar_1606.00919.gz_TemperaturePaper_black.pdf,17,reference,0.9296924907598186,0.9513800138872046
PdfAct,105.tar_1606.01510.gz_version11_black.pdf,23,reference,0.0051679586563307,0.1170068027210884
PdfAct,120.tar_1606.08001.gz_20160627bipartite_arXiv_black.pdf,7,reference,0.0,0.0
PdfAct,113.tar_1606.04911.gz_caselec_arxiv_version_black.pdf,6,reference,0.0,0.0
PdfAct,115.tar_1606.05892.gz_QE_ace_revision_black.pdf,15,reference,0.9880756370092308,0.9651395265772189
PdfAct,111.tar_1606.04214.gz_Gor8sub_black.pdf,9,reference,0.0,0.0
PdfAct,109.tar_1606.03245.gz_yenigun_ertan_siciliano_2016_black.pdf,17,reference,0.9574060397637904,0.9649276700057119
PdfAct,117.tar_1606.06741.gz_ms_black.pdf,12,reference,0.0,0.0
PdfAct,107.tar_1606.02570.gz_de2016using_black.pdf,14,reference,0.9222787595131116,0.9921831667926149
PdfAct,108.tar_1606.02782.gz_HyperNLS6pdf_black.pdf,22,reference,0.9088633870158686,0.9705598013391562
PdfAct,112.tar_1606.04713.gz_coarse-grained_QNEC_v9_black.pdf,30,reference,0.9892835401554212,0.9902177435767375
PdfAct,120.tar_1606.08218.gz_strain-driven-criticality_black.pdf,11,reference,0.0,0.0
PdfAct,108.tar_1606.03057.gz_source_black.pdf,20,reference,0.9428008603968367,0.9574416519778053
PdfAct,104.tar_1606.00957.gz_Feinberg_INFORMS_Tutorial_2016FRevision_nologos_black.pdf,34,reference,0.9988528848836108,0.9969802993032465
PdfAct,105.tar_1606.01267.gz_newton_s_law3_black.pdf,29,reference,0.9412710331763264,0.967175886889218
PdfAct,121.tar_1606.08514.gz_verifiedAI-arxiv-v2_black.pdf,9,reference,0.9830482374961348,0.9694704605365034
PdfAct,119.tar_1606.07564.gz_newall_black.pdf,11,reference,0.0,0.0
PdfAct,106.tar_1606.01796.gz_Toulouse_black.pdf,17,reference,0.0,0.0
PdfAct,122.tar_1606.09382.gz_endSingularities21_black.pdf,20,reference,0.0,0.0
PdfAct,114.tar_1606.05394.gz_Li16c_black.pdf,10,reference,0.0,0.0
PdfAct,102.tar_1606.00295.gz_main_black.pdf,4,reference,0.0,0.0
PdfAct,111.tar_1606.04106.gz_halotools_black.pdf,9,reference,0.0,0.0
PdfAct,119.tar_1606.07845.gz_manuscript_black.pdf,43,reference,0.0024676125848241,0.1590377547611092
PdfAct,120.tar_1606.08408.gz_paperA_black.pdf,21,reference,0.0,0.0
PdfAct,122.tar_1606.08951.gz_AggCuts_OO_black.pdf,23,reference,0.9380528326963996,0.9614636864389328
PdfAct,119.tar_1606.07639.gz_DCMnew_black.pdf,22,reference,0.9514965993736592,0.9831378928578188
PdfAct,120.tar_1606.08094.gz_RFM_KNOCKDOWN_TEMP_black.pdf,14,reference,0.0,0.0
PdfAct,113.tar_1606.05104.gz_Main_text_incl_figures_black.pdf,18,reference,0.0,0.0
PdfAct,116.tar_1606.06188.gz_PAPRC161_black.pdf,7,reference,0.0,0.0
PdfAct,118.tar_1606.07428.gz_rbs3d_main_black.pdf,18,reference,0.9708228038632634,0.9842974198876004
PdfAct,121.tar_1606.08836.gz_Germanium_HSFL_Paper_JAP_black.pdf,5,reference,0.0,0.0
PdfAct,112.tar_1606.04445.gz_leptogenesis_black.pdf,19,reference,0.9525546660278232,0.9607025738149063
PdfAct,106.tar_1606.01810.gz_OEEUncompV4.3_black.pdf,13,reference,0.9487427108669124,0.9750382755123705
PdfAct,122.tar_1606.09364.gz_manuscript_black.pdf,8,reference,0.0,0.0
PdfAct,109.tar_1606.03374.gz_CleanManuscript_black.pdf,18,reference,0.0,0.0
PdfAct,102.tar_1606.00229.gz_MarkovFilter_black.pdf,26,reference,0.9085537994643004,0.9822406721165813
PdfAct,119.tar_1606.07794.gz_paper_black.pdf,10,reference,0.0,0.0
PdfAct,122.tar_1606.08955.gz_basketball_highlights_black.pdf,9,reference,0.9705940765274772,0.9747093172515682
PdfAct,118.tar_1606.07300.gz_SingleColumn_black.pdf,16,reference,0.0,0.0
PdfAct,102.tar_1606.00130.gz_A_building_block_for_hardware_belief_networks_black.pdf,15,reference,0.001233045622688,0.1285664578983994
PdfAct,103.tar_1606.00492.gz_ChebFro-final_5_black.pdf,12,reference,0.9450687169285568,0.9997456364195249
PdfAct,105.tar_1606.01313.gz_OKSPME_arxiv_black.pdf,13,reference,0.0,0.0
PdfAct,110.tar_1606.03759.gz_euler_3rd_black.pdf,12,reference,0.0,0.0
PdfAct,114.tar_1606.05293.gz_hlpp_black.pdf,17,reference,0.0,0.0
PdfAct,113.tar_1606.05179.gz_InfoSpreadLTManuscript_majrev_black.pdf,13,reference,0.0,0.0
PdfAct,109.tar_1606.03210.gz_symmetric_black.pdf,13,reference,0.9989126013855602,0.9959970644718561
PdfAct,117.tar_1606.06543.gz_mascots16_black.pdf,9,reference,0.0,0.0
PdfAct,109.tar_1606.03405.gz_funwithdsi_black.pdf,17,reference,0.9897024814982054,0.9630520110362931
PdfAct,115.tar_1606.05694.gz_vsvr_semeval2016_black.pdf,6,reference,0.9375157697085572,0.9909920435838337
PdfAct,105.tar_1606.01313.gz_OKSPME_arxiv_black.pdf,14,reference,0.0,0.0
PdfAct,107.tar_1606.02200.gz_cnoise_compl_black.pdf,4,reference,0.0,0.0
PdfAct,105.tar_1606.01461.gz_ABCflow_SIADS_rev_black.pdf,37,reference,0.9043431481786988,0.9769260137351099
PdfAct,122.tar_1606.09043.gz_ICC2016_final_full_black.pdf,5,reference,0.0,0.0
PdfAct,118.tar_1606.07324.gz_PatValAnsSch16Original_black.pdf,17,reference,0.9312666400766652,0.9767976515214423
PdfAct,123.tar_1606.09452.gz_paperbp_black.pdf,9,reference,0.9354097798823576,0.9558403970635864
PdfAct,114.tar_1606.05582.gz_spin-motion_paper_arxiv_black.pdf,8,reference,0.0,0.0
PdfAct,102.tar_1606.00345.gz_MalqvistStillfjord2017_black.pdf,19,reference,0.0,0.0
PdfAct,113.tar_1606.04898.gz_hutten_etal_arxivV2_black.pdf,45,reference,0.0020650490449148,0.1342857890467593
PdfAct,107.tar_1606.02390.gz_finalversion_black.pdf,7,reference,0.0,0.0
PdfAct,117.tar_1606.06867.gz_ChamRP_black.pdf,7,reference,0.0,0.0
PdfAct,104.tar_1606.01010.gz_Traffic_black.pdf,27,reference,0.9394613762640766,0.984545981189355
PdfAct,116.tar_1606.06174.gz_paper_black.pdf,13,reference,0.0,0.0
PdfAct,115.tar_1606.05687.gz_ReducingMSEandBIAS_black.pdf,11,reference,0.9037063985427248,0.9608758617525202
PdfAct,102.tar_1606.00179.gz_1606.00179.v2_black.pdf,20,reference,0.0157004830917874,0.0414839797639123
PdfAct,104.tar_1606.00937.gz_square_black.pdf,10,reference,0.0,0.0
PdfAct,112.tar_1606.04665.gz_3Dperiodic0613_black.pdf,13,reference,0.0,0.0
PdfAct,106.tar_1606.02077.gz_main_black.pdf,12,reference,0.929401563925531,0.9813883710396093
PdfAct,102.tar_1606.00105.gz_rmf_arx_v1_black.pdf,20,reference,0.0,0.0
PdfAct,111.tar_1606.04049.gz_main_black.pdf,13,reference,0.0,0.0
PdfAct,107.tar_1606.02212.gz_EC_ArXiv_final_black.pdf,13,reference,0.0,0.0
PdfAct,112.tar_1606.04665.gz_3Dperiodic0613_black.pdf,14,reference,0.0,0.0
PdfAct,102.tar_1606.00157.gz_548_black.pdf,26,reference,0.902803062341518,0.9578134281105253
PdfAct,112.tar_1606.04517.gz_PeV_LR_v1_black.pdf,20,reference,0.939034236807194,0.9759766295931838
PdfAct,117.tar_1606.06583.gz_jAndelmanQPos-finalunformatted_black.pdf,27,reference,0.9532626642107748,0.9815606936703848
PdfAct,105.tar_1606.01181.gz_M5Pdot_020616_accepted_black.pdf,12,reference,0.0,0.0
PdfAct,116.tar_1606.06101.gz_prb_resubmission_MT_black.pdf,12,reference,0.0,0.0
PdfAct,120.tar_1606.08141.gz_arxiv_black.pdf,10,reference,0.918290444413657,0.9596772262157396
PdfAct,112.tar_1606.04817.gz_Opt_Express_268214_black.pdf,1,reference,0.0,0.0
PdfAct,116.tar_1606.06174.gz_paper_black.pdf,14,reference,0.0,0.0
PdfAct,122.tar_1606.08978.gz_main_final_version_black.pdf,23,reference,0.9050876111187932,0.9764443490257275
PdfAct,115.tar_1606.05838.gz_tpp_black.pdf,10,reference,0.0,0.0
PdfAct,112.tar_1606.04588.gz_Bern._modal_basis_for_high_order_differential_equations_black.pdf,7,reference,0.0,0.0
PdfAct,117.tar_1606.06937.gz_YbYSOStat_v3_black.pdf,7,reference,0.0,0.0
PdfAct,122.tar_1606.09252.gz_CGMMetals_black.pdf,17,reference,0.0,0.0
PdfAct,119.tar_1606.07928.gz_inf_vol_polarV2_black.pdf,7,reference,0.0,0.0
PdfAct,118.tar_1606.07263.gz_Finite_Complexity_Revised_black.pdf,16,reference,0.9918491947490464,0.9661902877256225
PdfAct,111.tar_1606.04097.gz_particlecreation_revised_black.pdf,10,reference,0.0,0.0
PdfAct,111.tar_1606.04140.gz_BDlllnuHEPv4_black.pdf,31,reference,0.0,0.0
PdfAct,117.tar_1606.07039.gz_main_black.pdf,82,reference,0.0031011186177871,0.086593815712365
PdfAct,114.tar_1606.05629.gz_TTM_final_resub_black.pdf,17,reference,0.0,0.0
PdfAct,107.tar_1606.02418.gz_MeasurementProblem1_black.pdf,28,reference,0.0,0.0
PdfAct,111.tar_1606.03946.gz_colldyn_f_black.pdf,20,reference,0.9104465506295568,0.9626539143534825
PdfAct,117.tar_1606.07063.gz_inclusive-FJF-1105_black.pdf,26,reference,0.9107070032353902,0.9921277873642557
PdfAct,109.tar_1606.03305.gz_3print_black.pdf,34,reference,0.925126409734476,0.9771410299070425
PdfAct,113.tar_1606.05068.gz_HolographyandWavelets-3a_black.pdf,16,reference,0.0,0.0
PdfAct,119.tar_1606.07712.gz_MacroGap_arXiv_black.pdf,5,reference,0.0,0.0
PdfAct,109.tar_1606.03352.gz_emnlp2016_black.pdf,9,reference,0.9988334871978944,0.9776916949822115
PdfAct,102.tar_1606.00090.gz_time-bin_W_state_amplification_black.pdf,11,reference,0.0,0.0
PdfAct,120.tar_1606.08309.gz_whgccgastro_black.pdf,18,reference,0.9977241119745596,0.9717004705539657
PdfAct,107.tar_1606.02615.gz_paper_black.pdf,33,reference,0.9315501809061436,0.9731124592185829
PdfAct,115.tar_1606.05836.gz_bosonSamplingOnTianhe2_black.pdf,6,reference,0.0,0.0
PdfAct,103.tar_1606.00575.gz_ec_black.pdf,16,reference,0.9300015498383708,0.986429867413409
PdfAct,122.tar_1606.08989.gz_conformity_paper_black.pdf,22,reference,0.0,0.0
PdfAct,120.tar_1606.08449.gz_Fractional14_black.pdf,31,reference,0.9905243015284928,0.9624128005513998
PdfAct,111.tar_1606.04261.gz_SpinOrbitTorque_sub_black.pdf,7,reference,0.0,0.0
PdfAct,108.tar_1606.02743.gz_Gavagnin_Lake_Mapelli_black.pdf,10,reference,0.0,0.0
PdfAct,115.tar_1606.05750.gz_arxivVersion_black.pdf,22,reference,0.9149956579573918,0.9521319613766055
PdfAct,112.tar_1606.04848.gz_Leopold_nonexistence_arxiv_black.pdf,21,reference,0.0874524714828897,0.0752427184466019
PdfAct,107.tar_1606.02353.gz_TDA_black.pdf,30,reference,0.0,0.0
PdfAct,114.tar_1606.05475.gz_article1_juillet2016_black.pdf,37,reference,0.9105683252779344,0.9790337469057603
PdfAct,118.tar_1606.07348.gz_atomic_molecular_Bose_Einstein_condensates_with_space_modulated_nonlinearity1_black.pdf,22,reference,0.0,0.0
PdfAct,117.tar_1606.06881.gz_CPS-JLAMP-kadd_A_black.pdf,38,reference,0.9638953190030946,0.9915889782149913
PdfAct,114.tar_1606.05407.gz_pyramidQuantile_black.pdf,26,reference,0.9086776611904236,0.9572539045608216
PdfAct,111.tar_1606.03947.gz_20160824_SUSY_Nicolai_black.pdf,12,reference,0.0,0.0
PdfAct,117.tar_1606.06983.gz_DDP_jsp_black.pdf,18,reference,0.0,0.0
PdfAct,111.tar_1606.04195.gz_main_black.pdf,28,reference,0.9503548985325916,0.9778058487096719
PdfAct,112.tar_1606.04717.gz_draft_black.pdf,52,reference,0.0,0.0
PdfAct,112.tar_1606.04457.gz_C-paper-final_black.pdf,20,reference,0.0065573770491803,0.1540362438220758
PdfAct,118.tar_1606.07398.gz_paper_black.pdf,13,reference,0.0,0.0
PdfAct,109.tar_1606.03305.gz_3print_black.pdf,33,reference,0.929097464018804,0.971211511598657
PdfAct,107.tar_1606.02532.gz_article_black.pdf,109,reference,0.0025125628140703,0.119809723454003
PdfAct,109.tar_1606.03094.gz_newOBLpaper-reb-VQPT_black.pdf,17,reference,0.0,0.0
PdfAct,117.tar_1606.06587.gz_ngc188_black.pdf,7,reference,0.0,0.0
PdfAct,103.tar_1606.00825.gz_Revision_Tavanaei_Maida_2_black.pdf,12,reference,0.9167306691205596,0.9948022401447745
PdfAct,114.tar_1606.05634.gz_paper_black.pdf,12,reference,0.0,0.0
PdfAct,120.tar_1606.08157.gz_eyegaze_black.pdf,19,reference,0.0044642857142857,0.1211132633295952
PdfAct,123.tar_1606.09414.gz_ma-JPB20150912_black.pdf,8,reference,0.0,0.0
PdfAct,113.tar_1606.04887.gz_paper_black.pdf,13,reference,0.9674862091966236,0.9971226470392246
PdfAct,118.tar_1606.07354.gz_paper3_black.pdf,10,reference,0.9807872661143956,0.9592259056348983
PdfAct,103.tar_1606.00685.gz_RIP4Q_arxiv_submitted_black.pdf,4,reference,0.0,0.0
PdfAct,122.tar_1606.09147.gz_sasaoh_final_black.pdf,22,reference,0.1159420289855072,0.1079021259526675
PdfAct,114.tar_1606.05296.gz_simple_black.pdf,12,reference,0.9481500307844122,0.9998861078149837
PdfAct,113.tar_1606.04974.gz_paper_black.pdf,22,reference,0.0,0.0
PdfAct,118.tar_1606.07144.gz_Hamiltonian_Realizations_of__3+1_-TQFTs_black.pdf,39,reference,0.9797781909395727,0.9716745736452478
PdfAct,102.tar_1606.00289.gz_enumerating_review__black.pdf,6,reference,0.0,0.0
PdfAct,109.tar_1606.03247.gz_Spalek4_black.pdf,9,reference,0.0,0.0
PdfAct,102.tar_1606.00032.gz_arxivFinal_black.pdf,10,reference,0.9782741793753182,0.9850511747907154
PdfAct,106.tar_1606.01839.gz_Double_Optical_Spring_Bire-UpdatedJune3_black.pdf,5,reference,0.0,0.0
PdfAct,120.tar_1606.08198.gz_AdiabaticForsterRs5_black.pdf,8,reference,0.0,0.0
PdfAct,117.tar_1606.06903.gz_long-paper-arxiv-version_black.pdf,55,reference,0.9831649437763876,0.9749664351593813
PdfAct,107.tar_1606.02611.gz_so44_revmario_black.pdf,28,reference,0.0,0.0
PdfAct,105.tar_1606.01568.gz_HLR_PAMI_black.pdf,10,reference,0.0,0.0
PdfAct,106.tar_1606.01954.gz_MWO_SW_PRB_black.pdf,7,reference,0.0,0.0
PdfAct,104.tar_1606.01122.gz_levitons_fqhe_arXiv_black.pdf,9,reference,0.0,0.0
PdfAct,119.tar_1606.07813.gz_sdwfrac8_black.pdf,32,reference,0.0,0.0
PdfAct,117.tar_1606.06956.gz_gRatio_black.pdf,26,reference,0.0,0.0
PdfAct,121.tar_1606.08697.gz_Carlstrom_black.pdf,25,reference,0.0,0.0
PdfAct,121.tar_1606.08750.gz_NEW_DI_IID_paper_black.pdf,16,reference,0.0,0.0
PdfAct,113.tar_1606.05104.gz_Main_text_incl_figures_black.pdf,19,reference,0.0,0.0
PdfAct,114.tar_1606.05321.gz_delPezzoExample9_black.pdf,15,reference,0.0,0.0
PdfAct,119.tar_1606.07564.gz_newall_black.pdf,9,reference,0.0,0.0
PdfAct,105.tar_1606.01380.gz_asik_robocup16_black.pdf,10,reference,0.9968086761294984,0.9673055662162363
PdfAct,122.tar_1606.09311.gz_condmat-combine_black.pdf,36,reference,0.0,0.0
PdfAct,108.tar_1606.02996.gz_liutwist-May27_black.pdf,11,reference,0.0,0.0
PdfAct,103.tar_1606.00637.gz_TPDS0526_black.pdf,29,reference,0.0,0.0
PdfAct,111.tar_1606.04081.gz_cikm16_black.pdf,9,reference,0.9164623889797122,0.9602693859068687
PdfAct,120.tar_1606.08449.gz_Fractional14_black.pdf,29,reference,0.90846092167838,0.9704377458930189
PdfAct,102.tar_1606.00268.gz_Coloring_sums_of_Cycle_related_graphs-Revised_black.pdf,22,reference,0.9939758707071696,0.9671055746171375
PdfAct,118.tar_1606.07289.gz_tuia2016nonconvex_black.pdf,10,reference,0.0,0.0
PdfAct,104.tar_1606.00898.gz_Drinfeld_supersingular_june2_arxiv_black.pdf,9,reference,0.0,0.0
PdfAct,121.tar_1606.08623.gz_LanzaMathis_final_black.pdf,29,reference,0.0,0.0
PdfAct,102.tar_1606.00032.gz_arxivFinal_black.pdf,9,reference,0.9425997854982088,0.960130636617244
PdfAct,111.tar_1606.04106.gz_halotools_black.pdf,8,reference,0.0,0.0
PdfAct,104.tar_1606.00922.gz_main_paper_arxiv_black.pdf,20,reference,0.0601851851851851,0.0502621029910577
PdfAct,113.tar_1606.05152.gz_Edge-fault_tolerant_edge-bipancyclicity_of_balanced_hypercube_black.pdf,15,reference,0.9941233018091232,0.9983961054041589
PdfAct,116.tar_1606.06041.gz_banditRMHC_black.pdf,6,reference,0.0,0.0
PdfAct,117.tar_1606.06528.gz_HQ_SingleDiff_kT_arXiv_black.pdf,19,reference,0.0,0.0
PdfAct,121.tar_1606.08925.gz_FLaG_JASA_submission_unblinded_black.pdf,35,reference,0.9514083030489104,0.9597428297711488
PdfAct,108.tar_1606.02782.gz_HyperNLS6pdf_black.pdf,23,reference,0.975840630775886,0.9803346946603292
PdfAct,121.tar_1606.08747.gz_elsarticle-template-num_black.pdf,11,reference,0.9470820497451988,0.9735233933073763
PdfAct,102.tar_1606.00274.gz_main_black.pdf,17,reference,0.0067567567567567,0.1433301797540208
PdfAct,109.tar_1606.03121.gz_astronum_2015_black.pdf,8,reference,0.0,0.0
PdfAct,104.tar_1606.01180.gz_paper_black.pdf,23,reference,0.0,0.0592815875408189
PdfAct,110.tar_1606.03508.gz_prelim_black.pdf,73,reference,0.0084745762711864,0.1238901507330167
PdfAct,121.tar_1606.08540.gz_LatticeActingOnPlane_black.pdf,10,reference,0.0,0.0
PdfAct,104.tar_1606.00861.gz_confsymp_3_black.pdf,14,reference,0.0,0.0
PdfAct,109.tar_1606.03437.gz_root_black.pdf,5,reference,0.0,0.0
PdfAct,117.tar_1606.06907.gz_muonPLB_black.pdf,12,reference,0.0,0.0
PdfAct,117.tar_1606.07006.gz_main_black.pdf,4,reference,0.0027855153203342,0.0456118916717572
PdfAct,108.tar_1606.02894.gz_52_black.pdf,6,reference,0.98252193543069,0.951064801808192
PdfAct,113.tar_1606.05067.gz_v4_black.pdf,39,reference,0.0030964545595293,0.0892451308619045
PdfAct,116.tar_1606.06188.gz_PAPRC161_black.pdf,8,reference,0.0,0.0
PdfAct,111.tar_1606.04003.gz_16IsingRB4_arxiv_submission_black.pdf,14,reference,0.0,0.0
PdfAct,108.tar_1606.02962.gz_MNRASGJ3470_black.pdf,8,reference,0.0,0.0
PdfAct,120.tar_1606.08003.gz_acl2016_black.pdf,10,reference,0.9558292053328732,0.995231347361128
PdfAct,120.tar_1606.08439.gz_Flat_v10_black.pdf,6,reference,0.0,0.0
PdfAct,117.tar_1606.07062.gz_paper_black.pdf,21,reference,0.9453331031675254,0.9775540732577275
PdfAct,105.tar_1606.01238.gz_IFJPAN-IV-2016-3_black.pdf,16,reference,0.9027651366969428,0.9985670237402131
PdfAct,120.tar_1606.08001.gz_20160627bipartite_arXiv_black.pdf,6,reference,0.0,0.0
PdfAct,104.tar_1606.00982.gz_paper_black.pdf,5,reference,0.0,0.0
PdfAct,108.tar_1606.02839.gz_IQMH-PPT-v12_black.pdf,5,reference,0.0,0.0
PdfAct,109.tar_1606.03245.gz_yenigun_ertan_siciliano_2016_black.pdf,16,reference,0.9786720287190932,0.9853836179243659
PdfAct,107.tar_1606.02295.gz_galrenorm17_black.pdf,29,reference,0.9999715789143448,0.9849892871136454
PdfAct,106.tar_1606.02060.gz_BGMW-June-06-2016_black.pdf,17,reference,0.9252924530036524,0.9578931968345042
PdfAct,116.tar_1606.06437.gz_paper_black.pdf,6,reference,0.0,0.0
PdfAct,112.tar_1606.04574.gz_ltgwem_black.pdf,9,reference,0.0,0.0
PdfAct,117.tar_1606.07001.gz_darwin_sensitivity_v6_black.pdf,36,reference,0.0054931335830212,0.1848806174709659
PdfAct,117.tar_1606.07039.gz_main_black.pdf,77,reference,0.0030939226519337,0.0876579169611002
PdfAct,112.tar_1606.04653.gz_PhysicsDraftR2_arxiv_black.pdf,12,reference,0.0,0.0
PdfAct,113.tar_1606.05035.gz_NHS2014_SBL_NJW_black.pdf,15,reference,0.0,0.0
PdfAct,105.tar_1606.01530.gz_arxiv_black.pdf,13,reference,0.9552006556882752,0.9629154480459656
PdfAct,103.tar_1606.00784.gz_NoSignalAdenierKhrennikovV3_black.pdf,15,reference,0.9840080116790204,0.994865090203681
PdfAct,114.tar_1606.05577.gz_Some_remarks_on_the_Lp_regularity_black.pdf,11,reference,0.0,0.0
PdfAct,112.tar_1606.04624.gz_ex_article_black.pdf,25,reference,0.919758111492698,0.97778023444939
PdfAct,111.tar_1606.04073.gz_QAMshaping_nonlinearchannel_v4_black.pdf,10,reference,0.0,0.0
PdfAct,114.tar_1606.05505.gz_paperArXiv_black.pdf,21,reference,0.0,0.0
PdfAct,119.tar_1606.07663.gz_textfin_black.pdf,4,reference,0.0,0.0
PdfAct,117.tar_1606.06557.gz_main_black.pdf,25,reference,0.9015091765947632,0.9719462763123315
PdfAct,112.tar_1606.04802.gz_schall3_black.pdf,13,reference,0.9912215616830964,0.9999956822995706
PdfAct,117.tar_1606.06977.gz_arb_plain_black.pdf,21,reference,0.9049185363832184,0.9913731517202671
PdfAct,109.tar_1606.03401.gz_memory_efficient_black.pdf,8,reference,0.9146763425313454,0.9843906690290671
PdfAct,"110.tar_1606.03563.gz_On_groups_Gnk,_braids_and_Brunnian_braids_black.pdf",13,reference,0.0,0.0
PdfAct,117.tar_1606.06836.gz_hcs_arxiv_black.pdf,5,reference,0.0,0.0
PdfAct,107.tar_1606.02601.gz_acl2016_black.pdf,8,reference,0.9600978371649628,0.9904722113144032
PdfAct,110.tar_1606.03782.gz_ObstacleNumbers2016_black.pdf,20,reference,0.0,0.0
PdfAct,102.tar_1606.00070.gz_QETCSL_Final_black.pdf,9,reference,0.0,0.0
PdfAct,110.tar_1606.03561.gz_substorydetection_journal_black.pdf,26,reference,0.903640824447114,0.9879722763247368
PdfAct,114.tar_1606.05588.gz_nbody_080816DW_black.pdf,22,reference,0.9753726181900926,0.956520811308929
PdfAct,121.tar_1606.08806.gz_Diagnostics_REVISED_ARXIV_black.pdf,32,reference,0.0,0.0
PdfAct,117.tar_1606.06769.gz_HotPlanet_black.pdf,8,reference,0.9459403681256404,0.9548677220478174
PdfAct,117.tar_1606.07001.gz_darwin_sensitivity_v6_black.pdf,31,reference,0.0035425101214574,0.1661991329374476
PdfAct,118.tar_1606.07174.gz_LPDM_black.pdf,16,reference,0.0,0.0
PdfAct,120.tar_1606.08348.gz_HillerPPNP2016_black.pdf,55,reference,0.9350545208510724,0.9809441302658461
PdfAct,114.tar_1606.05378.gz_all_black.pdf,8,reference,0.9709735515488904,0.9550173470658622
PdfAct,122.tar_1606.09082.gz_homophily_preprint_black.pdf,6,reference,0.0,0.0
PdfAct,116.tar_1606.06092.gz_BobkovTanaka_Nodal2_black.pdf,30,reference,0.919064405757023,0.982494061504371
PdfAct,119.tar_1606.07892.gz_template_black.pdf,26,reference,0.0,0.0
PdfAct,119.tar_1606.07858.gz_arXiv_SOF_black.pdf,15,reference,0.912751435821707,0.9799763606076715
PdfAct,103.tar_1606.00561.gz_ComponentFromAPI_black.pdf,14,reference,0.9555104280957828,0.966305757204493
PdfAct,114.tar_1606.05504.gz_Panessa_rg_astroph_black.pdf,6,reference,0.0,0.0
PdfAct,107.tar_1606.02215.gz_SLOCCality3_black.pdf,12,reference,0.0,0.0
PdfAct,112.tar_1606.04754.gz_emnlp2016_black.pdf,9,reference,0.9609226779578944,0.9698946747636361
PdfAct,102.tar_1606.00118.gz_RCO_black.pdf,16,reference,0.967393947546639,0.9537740225275025
PdfAct,112.tar_1606.04822.gz_degreegrowth4_black.pdf,11,reference,0.0,0.0
PdfAct,111.tar_1606.04059.gz_omega-reducibility_black.pdf,10,reference,0.0,0.0
PdfAct,122.tar_1606.09354.gz_flare_coronal_wave_astro-ph_black.pdf,19,reference,0.0,0.0
PdfAct,122.tar_1606.09371.gz_acl2016_black.pdf,9,reference,0.903618477210548,0.9687144395353172
PdfAct,103.tar_1606.00847.gz_Hamilton-Jacobi_groupoids_black.pdf,45,reference,0.9198718767860048,0.9732986735053759
PdfAct,121.tar_1606.08852.gz_astroph_black.pdf,34,reference,0.0,0.0
PdfAct,106.tar_1606.01820.gz_reply1_black.pdf,8,reference,0.9302063522612156,0.9983069693978561
PdfAct,122.tar_1606.09119.gz_ButterflyAP_black.pdf,14,reference,0.9566265411941154,0.9822915131075368
PdfAct,119.tar_1606.07912.gz_EAMW_2016_Final_black.pdf,21,reference,0.0,0.0
PdfAct,110.tar_1606.03656.gz_arxiv-text_black.pdf,10,reference,0.0,0.0
PdfAct,115.tar_1606.05893.gz_paper_black.pdf,16,reference,0.96927349791172,0.9661718045734644
PdfAct,115.tar_1606.05691.gz_DACGrev20160617ArXiv_black.pdf,36,reference,0.9880016069416768,0.9670986745603454
PdfAct,117.tar_1606.07054.gz_Single_and_two-mode_mechanical_squeezing_of_an_optically_levitated_nanodiamond_v4_black.pdf,12,reference,0.0,0.0
PdfAct,102.tar_1606.00050.gz_Szilard_Vfinal_black.pdf,6,reference,0.0,0.0
PdfAct,110.tar_1606.03682.gz_v9_arxiv_black.pdf,4,reference,0.0,0.0
PdfAct,110.tar_1606.03816.gz_campaign_black.pdf,19,reference,0.9798945070814892,0.9738840801190783
