Tool,ID,Page,Label,SpatialDist
PdfAct,80.tar_1704.05049.gz_Graphs_GOE_16_03_17_arxiv_black.pdf,7,footer,"(0, 0, 0, 0.22352941176470595)"
PdfAct,76.tar_1704.03360.gz_gerrymanderingPaper2017_black.pdf,17,footer,"(0, 0, 0, 0.002232142857142918)"
PdfAct,79.tar_1704.04908.gz_ms_11_October_2017_black.pdf,4,footer,"(1.0, 1.0, 1.0, 1.0)"
PdfAct,72.tar_1704.01955.gz_2d4dAD_black.pdf,36,footer,"(0, 0, 0, 0.0)"
PdfAct,71.tar_1704.01522.gz_harmonic-predictions-paper_black.pdf,11,footer,"(0.2543859649122807, 0.2543859649122807, 0.2543859649122807, 0.36811023622047245)"
PdfAct,80.tar_1704.05399.gz_BH_v20_black.pdf,5,footer,"(0, 0, 0, 0.0)"
PdfAct,86.tar_1704.07704.gz_tus_first_v2_black.pdf,5,footer,"(0, 0, 0, 0.04395604395604394)"
PdfAct,70.tar_1704.00736.gz_EFT_limits_black.pdf,5,footer,"(0, 0, 0, 0.00956937799043061)"
PdfAct,78.tar_1704.04204.gz_BPSgraphs_arXiv2_black.pdf,12,footer,"(0, 0, 0, 0.03738317757009341)"
PdfAct,71.tar_1704.01362.gz_A_contribution_to_the_Calderon_problem_for_Yang-Mills_connections_black.pdf,15,footer,"(0.19607843137254902, 0.16666666666666666, 0.23809523809523808, 0.36507936507936506)"
PdfAct,80.tar_1704.05422.gz_good-transport-behavior_black.pdf,0,footer,"(0, 0, 0, 0.0)"
PdfAct,74.tar_1704.02902.gz_arxiv_black.pdf,0,footer,"(0.5, 0.5, 0.5, 0.6574074074074073)"
PdfAct,71.tar_1704.01590.gz_submit2_black.pdf,2,footer,"(0, 0, 0, 0.01129943502824858)"
PdfAct,71.tar_1704.01522.gz_harmonic-predictions-paper_black.pdf,16,footer,"(0.09090909090909091, 0.09090909090909091, 0.09090909090909091, 0.3070175438596492)"
PdfAct,88.tar_1704.08287.gz_LCionoptpaperv3.6arxiv_black.pdf,5,footer,"(0, 0, 0, 0.022268615170494145)"
PdfAct,69.tar_1704.00701.gz_sjduality_black.pdf,6,footer,"(0, 0, 0, 0.006896551724137936)"
PdfAct,69.tar_1704.00491.gz_arxiv_black.pdf,0,footer,"(0, 0, 0, 0.07051282051282058)"
PdfAct,73.tar_1704.02323.gz_cglp_paper_black.pdf,2,footer,"(0, 0, 0, 0.01310043668122276)"
PdfAct,75.tar_1704.03245.gz_a2801_black.pdf,0,footer,"(0.5454545454545454, 0.375, 1.0, 0.7628865979381443)"
PdfAct,88.tar_1704.08535.gz_Final_Version_black.pdf,0,footer,"(0.31451612903225806, 0.31451612903225806, 0.31451612903225806, 0.3805923125393825)"
PdfAct,72.tar_1704.01890.gz_modelling_with_holder_05042017_black.pdf,9,footer,"(0, 0, 0, 0.01652892561983478)"
PdfAct,76.tar_1704.03647.gz_A_component-based_dual_decomposition_method_for_the_OPF_problem_black.pdf,3,footer,"(0, 0, 0, 0.12345679012345684)"
PdfAct,71.tar_1704.01503.gz_MultExpectiles_black.pdf,0,footer,"(0, 0, 0, 0.00390625)"
PdfAct,89.tar_1704.08685.gz_Maximal_Development_Arxiv_black.pdf,9,footer,"(0, 0, 0, 0.011494252873563227)"
PdfAct,73.tar_1704.02154.gz_IFAC-stoch_behavior_final_extended_black.pdf,1,footer,"(0.20833333333333334, 0.20833333333333334, 0.20833333333333334, 0.3576642335766424)"
PdfAct,78.tar_1704.04406.gz_revised_black.pdf,14,footer,"(0.9902912621359222, 0.9807692307692307, 1.0, 0.9860627177700348)"
PdfAct,73.tar_1704.02256.gz_ms_black.pdf,2,footer,"(0.32142857142857145, 0.32142857142857145, 0.32142857142857145, 0.4716981132075472)"
PdfAct,74.tar_1704.02862.gz_main_black.pdf,4,footer,"(0.8181818181818182, 0.8181818181818182, 0.8181818181818182, 0.9777777777777777)"
PdfAct,86.tar_1704.07615.gz_SGC_reviewed_black.pdf,0,footer,"(0.03225806451612903, 0.03225806451612903, 0.03225806451612903, 0.28785046728971964)"
PdfAct,85.tar_1704.06992.gz_null_Yang_arXiv_black.pdf,1,footer,"(0, 0, 0, 0.0)"
PdfAct,77.tar_1704.03989.gz_main2_black.pdf,6,footer,"(0, 0, 0, 0.08695652173913046)"
PdfAct,68.tar_1704.00002.gz_ms_black.pdf,14,footer,"(0, 0, 0, 0.0928270042194093)"
PdfAct,70.tar_1704.00790.gz_h2ffa-XW_0905_black.pdf,14,footer,"(0, 0, 0, 0.012738853503184657)"
PdfAct,70.tar_1704.00909.gz_JSAC2017_SingleColomn_black.pdf,0,footer,"(0.20634920634920634, 0.20634920634920634, 0.20634920634920634, 0.3643312101910828)"
PdfAct,80.tar_1704.05384.gz_Arxiv_Version-Online_Weighted_Matching_Adversarial_Order_black.pdf,2,footer,"(0, 0, 0, 0.0)"
PdfAct,88.tar_1704.08299.gz_occupational_income_score_black.pdf,29,footer,"(0, 0, 0, 0.0)"
PdfAct,77.tar_1704.03882.gz_FoordPaper_041217_black.pdf,2,footer,"(0.967741935483871, 0.9375, 1.0, 0.9906542056074766)"
PdfAct,75.tar_1704.03106.gz_manova-on-manifolds-36_black.pdf,0,footer,"(0, 0, 0, 0.005167958656330711)"
PdfAct,88.tar_1704.08468.gz_TZhopset10_black.pdf,7,footer,"(0, 0, 0, 0.0)"
PdfAct,73.tar_1704.02210.gz_paper_black.pdf,34,footer,"(0, 0, 0, 0.125)"
PdfAct,70.tar_1704.01045.gz_EstimateSensitivity_black.pdf,5,footer,"(0, 0, 0, 0.003809523809523796)"
PdfAct,79.tar_1704.04551.gz_palabosLammps_black.pdf,0,footer,"(0, 0, 0, 0.3114754098360656)"
PdfAct,89.tar_1704.08742.gz_HSSR-JCGS_arXiv_black.pdf,20,footer,"(0, 0, 0, 0.08333333333333329)"
PdfAct,69.tar_1704.00556.gz_RecSysTEL_black.pdf,5,footer,"(0, 0, 0, 0.0)"
PdfAct,78.tar_1704.04474.gz_On_computads_black.pdf,0,footer,"(0, 0, 0, 0.005479452054794507)"
PdfAct,89.tar_1704.08933.gz_StochasticAmplification_black.pdf,0,footer,"(0, 0, 0, 0.0)"
PdfAct,79.tar_1704.04690.gz_arxiv_QKRproof_black.pdf,3,footer,"(0, 0, 0, 0.0)"
PdfAct,78.tar_1704.04234.gz_main_black.pdf,2,footer,"(0, 0, 0, 0.17391304347826092)"
PdfAct,70.tar_1704.00777.gz_XOR-20170411_black.pdf,0,footer,"(0, 0, 0, 0.0)"
PdfAct,71.tar_1704.01286.gz_all-in-one_black.pdf,11,footer,"(0, 0, 0, 0.0)"
PdfAct,80.tar_1704.05402.gz_complex-bbm-phases-1-3_black.pdf,1,footer,"(0.8571428571428571, 0.8571428571428571, 0.8571428571428571, 0.976)"
PdfAct,74.tar_1704.02553.gz_rowan16_black.pdf,4,footer,"(0.16216216216216217, 0.16216216216216217, 0.16216216216216217, 0.30651340996168586)"
PdfAct,78.tar_1704.04463.gz_gbe_td_arx_black.pdf,20,footer,"(0, 0, 0, 0.09722222222222228)"
PdfAct,70.tar_1704.00895.gz_Paper3_black.pdf,0,footer,"(0.018957345971563982, 0.010050251256281407, 0.16666666666666666, 0.11788345612860013)"
PdfAct,68.tar_1704.00177.gz_SentimentAnalysisofCitationsWord2vec_black.pdf,0,footer,"(0.8571428571428571, 0.8571428571428571, 0.8571428571428571, 0.8524590163934427)"
PdfAct,70.tar_1704.00736.gz_EFT_limits_black.pdf,17,footer,"(0, 0, 0, 0.014492753623188435)"
PdfAct,78.tar_1704.04463.gz_gbe_td_arx_black.pdf,27,footer,"(0.2619047619047619, 0.18333333333333332, 0.4583333333333333, 0.3723608445297505)"
PdfAct,88.tar_1704.08527.gz_DAE_Schottky_v3_black.pdf,0,footer,"(0.9411764705882353, 0.9411764705882353, 0.9411764705882353, 0.9386792452830188)"
PdfAct,77.tar_1704.03828.gz_SCBPaperV.6_black.pdf,6,footer,"(0, 0, 0, 0.20382165605095537)"
PdfAct,71.tar_1704.01508.gz_main_black.pdf,4,footer,"(0, 0, 0, 0.0)"
PdfAct,70.tar_1704.01108.gz_rmi-sub_black.pdf,6,footer,"(0.22222222222222224, 0.20689655172413793, 0.24, 0.368421052631579)"
PdfAct,79.tar_1704.04926.gz_BORAarxiv_black.pdf,13,footer,"(0.11764705882352941, 0.06666666666666667, 0.5, 0.40625)"
PdfAct,85.tar_1704.06919.gz_ctw_black.pdf,2,footer,"(1.0, 1.0, 1.0, 0.9808612440191388)"
PdfAct,76.tar_1704.03345.gz_ms_black.pdf,2,footer,"(0.10204081632653061, 0.10204081632653061, 0.10204081632653061, 0.3)"
PdfAct,90.tar_1704.09018.gz_completeUnimodular_black.pdf,12,footer,0
PdfAct,72.tar_1704.01989.gz_OXMAN_Luis_CONF12-arxiv_black.pdf,2,footer,"(0, 0, 0, 0.0)"
PdfAct,86.tar_1704.07663.gz_ms_black.pdf,2,footer,"(0, 0, 0, 0.049586776859504196)"
PdfAct,71.tar_1704.01265.gz_arxiv_v1_black.pdf,0,footer,"(0, 0, 0, 0.019417475728155296)"
PdfAct,84.tar_1704.06828.gz_paper_black.pdf,34,footer,"(0, 0, 0, 0.004535147392290213)"
PdfAct,75.tar_1704.03136.gz_main_black.pdf,2,footer,"(0, 0, 0, 0.08454425363276087)"
PdfAct,88.tar_1704.08277.gz_classification_all_groups_final_JHEP_mod2_black.pdf,38,footer,"(0, 0, 0, 0.013245033112582832)"
PdfAct,78.tar_1704.04196.gz_Twin_Shell_v6_arXiv_v1_black.pdf,8,footer,"(0, 0, 0, 0.0)"
PdfAct,71.tar_1704.01286.gz_all-in-one_black.pdf,18,footer,"(0, 0, 0, 0.02)"
PdfAct,87.tar_1704.07772.gz_sec_paper_post_arxiv_black.pdf,4,footer,"(0, 0, 0, 0.0)"
PdfAct,80.tar_1704.05309.gz_EFT-RSD-2017-11-22_black.pdf,15,footer,"(0, 0, 0, 0.01145475372279492)"
PdfAct,87.tar_1704.08145.gz_nogablueszekfin_black.pdf,1,footer,"(0.08333333333333333, 0.08333333333333333, 0.08333333333333333, 0.1805309734513274)"
PdfAct,87.tar_1704.08016.gz_M112425_black.pdf,17,footer,"(0, 0, 0, 0.2142857142857143)"
PdfAct,74.tar_1704.02592.gz_main_black.pdf,1,footer,"(0, 0, 0, 0.0)"
PdfAct,76.tar_1704.03565.gz_main_black.pdf,2,footer,"(0, 0, 0, 0.0)"
PdfAct,71.tar_1704.01538.gz_paperv5_black.pdf,0,footer,"(0, 0, 0, 0.0)"
PdfAct,85.tar_1704.06986.gz_paper_black.pdf,1,footer,"(0.22, 0.22, 0.22, 0.3711790393013101)"
PdfAct,84.tar_1704.06738.gz_Dorm-SmartComp_black.pdf,2,footer,"(0, 0, 0, 0.2658959537572254)"
PdfAct,85.tar_1704.07157.gz_watset.acl2017_black.pdf,8,footer,0
PdfAct,87.tar_1704.08115.gz_Feigelson_cluster_black.pdf,0,footer,"(0, 0, 0, 0.0)"
PdfAct,70.tar_1704.00998.gz_Kisielowski_BF_Regge_black.pdf,8,footer,"(0, 0, 0, 0.0)"
PdfAct,72.tar_1704.01679.gz_hesselsing_black.pdf,0,footer,"(0, 0, 0, 0.05)"
PdfAct,69.tar_1704.00701.gz_sjduality_black.pdf,14,footer,"(0, 0, 0, 0.012987012987013031)"
PdfAct,85.tar_1704.06979.gz_arXiv_black.pdf,4,footer,"(0, 0, 0, 0.47794117647058826)"
PdfAct,68.tar_1704.00139.gz_Main_black.pdf,7,footer,"(0, 0, 0, 0.23713646532438473)"
PdfAct,73.tar_1704.02084.gz_panjer_arxiv_black.pdf,0,footer,"(0.2916666666666667, 0.2413793103448276, 0.3684210526315789, 0.3361344537815125)"
PdfAct,87.tar_1704.08165.gz_arxiv_paper_black.pdf,7,footer,"(0, 0, 0, 0.0)"
PdfAct,71.tar_1704.01372.gz_main_black.pdf,0,footer,"(1.0, 1.0, 1.0, 1.0)"
PdfAct,88.tar_1704.08434.gz_sub3_black.pdf,18,footer,"(0, 0, 0, 0.017167381974248882)"
PdfAct,70.tar_1704.00786.gz_ReviewEJP_black.pdf,23,footer,"(0.3728813559322034, 0.2558139534883721, 0.6875, 0.24422442244224427)"
PdfAct,68.tar_1704.00002.gz_ms_black.pdf,6,footer,"(0, 0, 0, 0.0394736842105263)"
PdfAct,74.tar_1704.02764.gz_CoGoOtSe_finalrevised_black.pdf,0,footer,"(0, 0, 0, 0.0)"
PdfAct,69.tar_1704.00546.gz_Jet_Gap_Jet_arXiv_black.pdf,0,footer,0
PdfAct,86.tar_1704.07453.gz_Prediction_and_Tolerance_Intervals_for_DTRs_black.pdf,6,footer,"(0, 0, 0, 0.0)"
PdfAct,76.tar_1704.03506.gz_MOMOarithmetic5-7_black.pdf,4,footer,"(0, 0, 0, 0.0)"
PdfAct,88.tar_1704.08336.gz_ms_black.pdf,1,footer,"(0, 0, 0, 0.013698630136986339)"
PdfAct,70.tar_1704.01028.gz_connected_2017b_kwp_black.pdf,10,footer,"(0, 0, 0, 0.0027100271002710487)"
PdfAct,78.tar_1704.04183.gz_Formal_Duality_black.pdf,0,footer,"(0, 0, 0, 0.0)"
PdfAct,74.tar_1704.02660.gz_PRWW17-plain_black.pdf,0,footer,"(0, 0, 0, 0.0)"
PdfAct,78.tar_1704.04339.gz_wire_tension_system_0327_black.pdf,0,footer,"(0, 0, 0, 0.32758620689655177)"
PdfAct,84.tar_1704.06860.gz_author_black.pdf,13,footer,"(0.5523809523809523, 0.31868131868131866, 2.0714285714285716, 0.2169059011164275)"
PdfAct,79.tar_1704.04744.gz_vanishing_arxiv_black.pdf,1,footer,"(0.625, 0.625, 0.625, 0.7663865546218487)"
PdfAct,74.tar_1704.02892.gz_solar_crnu_black.pdf,5,footer,"(0, 0, 0, 0.16326530612244894)"
PdfAct,89.tar_1704.08681.gz_AdS_Instability_Arxiv_black.pdf,7,footer,"(0, 0, 0, 0.0)"
PdfAct,89.tar_1704.08642.gz_ms_black.pdf,0,footer,"(0.33333333333333337, 0.2, 1.0, 0.7951807228915664)"
PdfAct,76.tar_1704.03532.gz_CRT-PRX1-submit_black.pdf,10,footer,"(0.3, 0.2608695652173913, 0.35294117647058826, 0.34895833333333326)"
PdfAct,79.tar_1704.04572.gz_main_black.pdf,6,footer,"(0.16666666666666666, 0.12903225806451613, 0.23529411764705882, 0.3197026022304833)"
PdfAct,87.tar_1704.07888.gz_main_black.pdf,0,footer,"(0.6494845360824743, 0.6494845360824743, 0.6494845360824743, 0.5356600910470409)"
PdfAct,80.tar_1704.05175.gz_DRAGONSXII-MNRAS_black.pdf,0,footer,"(0.5454545454545454, 0.375, 1.0, 0.7608695652173912)"
PdfAct,76.tar_1704.03466.gz_fexp_black.pdf,1,footer,"(0.13513513513513514, 0.13513513513513514, 0.13513513513513514, 0.29832572298325727)"
PdfAct,70.tar_1704.00906.gz_MoonPerformance_JournalRef_black.pdf,13,footer,0
PdfAct,85.tar_1704.06901.gz_SM-BMD_WINE17_arxiv_black.pdf,0,footer,"(0, 0, 0, 0.04347826086956516)"
PdfAct,78.tar_1704.04463.gz_gbe_td_arx_black.pdf,31,footer,"(0.16666666666666669, 0.13846153846153847, 0.20930232558139536, 0.3644859813084112)"
PdfAct,85.tar_1704.06992.gz_null_Yang_arXiv_black.pdf,10,footer,"(0.025000000000000005, 0.025, 0.025, 0.016194331983805627)"
PdfAct,85.tar_1704.06909.gz_Paper11september2017_black.pdf,8,footer,"(0.9863013698630138, 0.972972972972973, 1.0, 0.9949494949494949)"
PdfAct,88.tar_1704.08507.gz_arxiv_version_black.pdf,5,footer,"(0, 0, 0, 0.0)"
PdfAct,74.tar_1704.02761.gz_Extremal_roots_commentaires_black.pdf,0,footer,"(0, 0, 0, 0.011834319526627154)"
PdfAct,86.tar_1704.07388.gz_draft_revised_1_black.pdf,15,footer,"(0, 0, 0, 0.06896551724137936)"
PdfAct,69.tar_1704.00448.gz_LC_black.pdf,9,footer,"(0, 0, 0, 0.03225806451612897)"
PdfAct,80.tar_1704.05309.gz_EFT-RSD-2017-11-22_black.pdf,44,footer,"(0, 0, 0, 0.019292604501607684)"
PdfAct,80.tar_1704.05233.gz_main_black.pdf,3,footer,"(0, 0, 0, 0.0)"
PdfAct,85.tar_1704.06884.gz_electroweak_black.pdf,11,footer,"(0.09090909090909091, 0.09090909090909091, 0.09090909090909091, 0.30569948186528495)"
PdfAct,80.tar_1704.05437.gz_magnon12_black.pdf,31,footer,"(0, 0, 0, 0.022727272727272662)"
PdfAct,85.tar_1704.07139.gz_EasyClustering_black.pdf,3,footer,"(0, 0, 0, 0.0)"
PdfAct,78.tar_1704.04441.gz_robust-nlp_black.pdf,2,footer,"(0.10000000000000002, 0.1, 0.1, 0.3448275862068965)"
PdfAct,88.tar_1704.08305.gz_limits_of_e2e_learning_black.pdf,12,footer,0
PdfAct,88.tar_1704.08423.gz_SingularSystem_1-2_black.pdf,0,footer,"(0, 0, 0, 0.0)"
PdfAct,69.tar_1704.00440.gz_informative_black.pdf,0,footer,0
PdfAct,88.tar_1704.08262.gz_jetmass_Soft_Functions_black.pdf,45,footer,"(0, 0, 0, 0.010540184453227965)"
PdfAct,71.tar_1704.01594.gz_arxiv_submission_black.pdf,1,footer,"(0.11538461538461539, 0.11538461538461539, 0.11538461538461539, 0.31870669745958424)"
PdfAct,78.tar_1704.04243.gz_main_black.pdf,4,footer,"(0.19469026548672566, 0.1134020618556701, 0.6875, 0.24065040650406502)"
PdfAct,76.tar_1704.03630.gz_NStInMedium2_black.pdf,4,footer,"(0.7446808510638298, 0.7446808510638298, 0.7446808510638298, 0.12012012012012008)"
PdfAct,70.tar_1704.00918.gz_minimal-draft_v15_black.pdf,18,footer,"(0.12698412698412698, 0.11428571428571428, 0.14285714285714285, 0.3391812865497076)"
PdfAct,69.tar_1704.00729.gz_ms_black.pdf,1,footer,"(0, 0, 0, 0.2222222222222223)"
PdfAct,87.tar_1704.08081.gz_Periodic_black.pdf,18,footer,"(0.11764705882352941, 0.06666666666666667, 0.5, 0.4171779141104295)"
PdfAct,78.tar_1704.04498.gz_Lattice_Manuscript_6a_black.pdf,4,footer,"(0.41935483870967744, 0.32098765432098764, 0.6046511627906976, 0.35694050991501414)"
PdfAct,74.tar_1704.02501.gz_EffectiveFluid-06-Nov-2017_black.pdf,1,footer,"(0, 0, 0, 0.0)"
PdfAct,71.tar_1704.01252.gz_MultiVehicleCooperativeLocalization_black.pdf,0,footer,"(0.024096385542168676, 0.024096385542168676, 0.024096385542168676, 0.2357615894039735)"
PdfAct,72.tar_1704.01822.gz_aa_black.pdf,6,footer,"(0, 0, 0, 0.18181818181818188)"
PdfAct,78.tar_1704.04183.gz_Formal_Duality_black.pdf,27,footer,"(0, 0, 0, 0.2300319488817891)"
PdfAct,84.tar_1704.06777.gz_Conf_MEC_arXiv_black.pdf,1,footer,"(0.6179775280898877, 0.40145985401459855, 1.3414634146341464, 0.39057899901864573)"
PdfAct,88.tar_1704.08340.gz_main_issalp_black.pdf,2,footer,"(0, 0, 0, 0.1776504297994269)"
PdfAct,78.tar_1704.04294.gz_MN-17-0320-L_astro-ph_black.pdf,1,footer,"(0, 0, 0, 0.08056872037914686)"
PdfAct,80.tar_1704.05067.gz_Amplitudes-final_black.pdf,20,footer,"(0, 0, 0, 0.0779220779220779)"
PdfAct,71.tar_1704.01522.gz_harmonic-predictions-paper_black.pdf,2,footer,"(0.27972027972027974, 0.22727272727272727, 0.36363636363636365, 0.3737024221453287)"
PdfAct,80.tar_1704.05324.gz_overlap_black.pdf,13,footer,"(0.20000000000000004, 0.2, 0.2, 0.38042269187986655)"
PdfAct,74.tar_1704.02792.gz_CVPR2017_for_review_black.pdf,0,footer,"(0, 0, 0, 0.08539325842696627)"
PdfAct,70.tar_1704.00854.gz_Rec-FedUni-A_black.pdf,0,footer,"(0, 0, 0, 0.018867924528301928)"
PdfAct,79.tar_1704.04827.gz_EM_theory_black.pdf,10,footer,"(0, 0, 0, 0.0)"
PdfAct,86.tar_1704.07416.gz_Bi2Te3_tamtoegl_black.pdf,6,footer,"(0.08045977011494253, 0.08045977011494253, 0.08045977011494253, 0.32997481108312343)"
PdfAct,69.tar_1704.00356.gz_EJR2_black.pdf,12,footer,"(0, 0, 0, 0.0)"
PdfAct,70.tar_1704.00857.gz_FatFlats-MMJ-firstrevision_black.pdf,8,footer,"(0.030769230769230767, 0.01639344262295082, 0.25, 0.08791208791208788)"
PdfAct,72.tar_1704.01941.gz_paper_black.pdf,4,footer,"(0.14893617021276595, 0.09090909090909091, 0.4117647058823529, 0.18124006359300482)"
PdfAct,73.tar_1704.02223.gz_TCSVT_manuscript_14_black.pdf,0,footer,"(0.21052631578947367, 0.21052631578947367, 0.21052631578947367, 0.3654618473895582)"
PdfAct,88.tar_1704.08336.gz_ms_black.pdf,24,footer,0
PdfAct,72.tar_1704.01773.gz_30385_am_black.pdf,5,footer,"(0.3353293413173653, 0.23529411764705882, 0.5833333333333334, 0.3448275862068965)"
PdfAct,76.tar_1704.03297.gz_ploop3_black.pdf,2,footer,"(0.8000000000000002, 0.8, 0.8, 0.8811881188118812)"
PdfAct,71.tar_1704.01422.gz_2017.03-neco17-topic-diversity_black.pdf,0,footer,"(0.11764705882352941, 0.06666666666666667, 0.5, 0.4621212121212121)"
PdfAct,70.tar_1704.01141.gz_EntEnt_EPJC_black.pdf,12,footer,"(0.40970350404312667, 0.23384615384615384, 1.6521739130434783, 0.2116850127011007)"
PdfAct,70.tar_1704.00880.gz_Heavy_N_DDK_black.pdf,7,footer,"(0, 0, 0, 0.0)"
PdfAct,73.tar_1704.02348.gz__MAIN__black.pdf,0,footer,"(0, 0, 0, 0.028413575374901398)"
PdfAct,69.tar_1704.00726.gz_CuttingCakeGoodAndBad-EFC-17_black.pdf,14,footer,"(0, 0, 0, 0.0019920318725100117)"
PdfAct,71.tar_1704.01590.gz_submit2_black.pdf,24,footer,"(0, 0, 0, 0.026845637583892596)"
PdfAct,72.tar_1704.01964.gz_Duality_CCA_black.pdf,4,footer,"(0, 0, 0, 0.23529411764705885)"
PdfAct,78.tar_1704.04277.gz_mmWave_relayed_backhaul_JSAC_-_arXiv_black.pdf,1,footer,"(0.08333333333333333, 0.08333333333333333, 0.08333333333333333, 0.2742857142857143)"
PdfAct,71.tar_1704.01479.gz_GlottalSource_arxiv_black.pdf,16,footer,"(0, 0, 0, 0.0)"
PdfAct,88.tar_1704.08520.gz_EBH_collision_v2_1_black.pdf,4,footer,"(0, 0, 0, 0.21505376344086016)"
PdfAct,72.tar_1704.01972.gz_ms_black.pdf,3,footer,"(0, 0, 0, 0.04521739130434781)"
PdfAct,72.tar_1704.01946.gz_main_black.pdf,3,footer,"(0.6666666666666666, 0.5, 1.0, 0.9736842105263157)"
PdfAct,79.tar_1704.04872.gz_coalgebraicRankingFunctionArxiv_black.pdf,10,footer,"(0, 0, 0, 0.0)"
PdfAct,72.tar_1704.02008.gz_ms_black.pdf,1,footer,"(0, 0, 0, 0.03571428571428569)"
PdfAct,89.tar_1704.08827.gz_SGUT-a_black.pdf,0,footer,"(0, 0, 0, 0.0)"
PdfAct,80.tar_1704.05136.gz_sum17CamRe_black.pdf,1,footer,"(0.4857142857142857, 0.4857142857142857, 0.4857142857142857, 0.6666666666666665)"
PdfAct,71.tar_1704.01362.gz_A_contribution_to_the_Calderon_problem_for_Yang-Mills_connections_black.pdf,28,footer,"(0, 0, 0, 0.17647058823529405)"
PdfAct,71.tar_1704.01415.gz_glocal_arxiv_black.pdf,16,footer,"(0, 0, 0, 0.0)"
PdfAct,76.tar_1704.03657.gz_octonion-bundles-11Apr17_black.pdf,0,footer,"(0, 0, 0, 0.0077821011673151474)"
PdfAct,88.tar_1704.08277.gz_classification_all_groups_final_JHEP_mod2_black.pdf,37,footer,"(0, 0, 0, 0.015717092337917505)"
PdfAct,86.tar_1704.07663.gz_ms_black.pdf,3,footer,"(0, 0, 0, 0.05714285714285708)"
PdfAct,74.tar_1704.02803.gz_Improving_CAPTCHA_black.pdf,3,footer,"(0.16666666666666666, 0.16666666666666666, 0.16666666666666666, 0.6395939086294417)"
PdfAct,71.tar_1704.01256.gz_finalWACVDraft_black.pdf,0,footer,"(0.024691358024691357, 0.016666666666666666, 0.047619047619047616, 0.3469387755102041)"
PdfAct,75.tar_1704.02980.gz_pGalileonsClassification_2_black.pdf,1,footer,"(0.9655172413793104, 0.9333333333333333, 1.0, 0.9896907216494846)"
PdfAct,69.tar_1704.00431.gz_nonfattening-feb3-2018_black.pdf,0,footer,"(0, 0, 0, 0.00865800865800864)"
PdfAct,73.tar_1704.02293.gz_Vial-et-al-global_black.pdf,8,footer,"(0, 0, 0, 0.0)"
PdfAct,70.tar_1704.00736.gz_EFT_limits_black.pdf,11,footer,"(0, 0, 0, 0.017699115044247832)"
PdfAct,86.tar_1704.07419.gz_arXiv_black.pdf,7,footer,"(0, 0, 0, 0.12260536398467436)"
PdfAct,73.tar_1704.02135.gz_paper_2_v4_-30032017_black.pdf,2,footer,"(0.8518518518518519, 0.8518518518518519, 0.8518518518518519, 0.9285714285714286)"
PdfAct,68.tar_1704.00177.gz_SentimentAnalysisofCitationsWord2vec_black.pdf,1,footer,"(0.9655172413793104, 0.9333333333333333, 1.0, 0.9887640449438203)"
PdfAct,74.tar_1704.02594.gz_Paper333_black.pdf,0,footer,"(0, 0, 0, 0.028571428571428612)"
PdfAct,71.tar_1704.01286.gz_all-in-one_black.pdf,25,footer,"(0, 0, 0, 0.02597402597402592)"
PdfAct,75.tar_1704.02960.gz_log_density_black.pdf,0,footer,"(0.4444444444444445, 0.2857142857142857, 1.0, 0.7628865979381443)"
PdfAct,89.tar_1704.08798.gz_AffectIntensityLexicon_black.pdf,3,footer,"(0.08333333333333333, 0.08333333333333333, 0.08333333333333333, 0.5517241379310345)"
PdfAct,76.tar_1704.03506.gz_MOMOarithmetic5-7_black.pdf,28,footer,"(0, 0, 0, 0.015037593984962428)"
PdfAct,70.tar_1704.01066.gz_RCtest_black.pdf,0,footer,"(0, 0, 0, 0.004065040650406502)"
PdfAct,85.tar_1704.06918.gz_oda201708acl_black.pdf,2,footer,"(0.3584905660377358, 0.3584905660377358, 0.3584905660377358, 0.6026365348399246)"
PdfAct,69.tar_1704.00556.gz_RecSysTEL_black.pdf,4,footer,"(0, 0, 0, 0.0)"
PdfAct,86.tar_1704.07379.gz_main_black.pdf,3,footer,"(0.6228070175438597, 0.6228070175438597, 0.6228070175438597, 0.7519446845289542)"
PdfAct,72.tar_1704.01804.gz_glueball_DM_black.pdf,14,footer,"(0, 0, 0, 0.02816901408450704)"
PdfAct,75.tar_1704.02990.gz_Static_Hairs_Einstein-aether_v2_black.pdf,4,footer,"(0, 0, 0, 0.07881773399014776)"
PdfAct,85.tar_1704.06992.gz_null_Yang_arXiv_black.pdf,32,footer,"(0, 0, 0, 0.0)"
PdfAct,90.tar_1704.09016.gz_lder-fi-2_black.pdf,6,footer,"(0, 0, 0, 0.1327014218009478)"
PdfAct,85.tar_1704.06992.gz_null_Yang_arXiv_black.pdf,0,footer,"(0, 0, 0, 0.0)"
PdfAct,89.tar_1704.08709.gz_vieira_2017_be_pm_mc_black.pdf,1,footer,"(0, 0, 0, 0.04482758620689651)"
PdfAct,70.tar_1704.01162.gz_main_black.pdf,3,footer,"(0.7804878048780488, 0.7804878048780488, 0.7804878048780488, 0.8829268292682927)"
PdfAct,87.tar_1704.07955.gz_HOCs_black.pdf,5,footer,"(0, 0, 0, 0.0)"
PdfAct,77.tar_1704.03921.gz_univaccelfinal3_black.pdf,4,footer,"(0.9374999999999999, 0.9090909090909091, 0.967741935483871, 0.9696969696969697)"
PdfAct,68.tar_1704.00014.gz_ms_black.pdf,1,footer,"(0.4177215189873418, 0.4024390243902439, 0.4342105263157895, 0.4355005159958721)"
PdfAct,89.tar_1704.08798.gz_AffectIntensityLexicon_black.pdf,4,footer,"(1.0, 1.0, 1.0, 0.9090909090909091)"
PdfAct,72.tar_1704.01730.gz_SYZ_quasimap_black.pdf,14,footer,"(0.125, 0.06666666666666667, 1.0, 0.3194444444444444)"
PdfAct,72.tar_1704.01724.gz_mb16227_black.pdf,8,footer,"(0, 0, 0, 0.1941747572815534)"
PdfAct,78.tar_1704.04517.gz_main_black.pdf,4,footer,"(0.2040816326530612, 0.136986301369863, 0.4, 0.30218068535825554)"
PdfAct,86.tar_1704.07497.gz_covering-tree-uncertain_black.pdf,0,footer,"(0.9696969696969697, 0.9696969696969697, 0.9696969696969697, 0.8854625550660793)"
PdfAct,73.tar_1704.02090.gz_Conceptualization_Topic_Model_black.pdf,0,footer,"(0.04405286343612334, 0.02262443438914027, 0.8333333333333334, 0.05222300635144677)"
PdfAct,76.tar_1704.03647.gz_A_component-based_dual_decomposition_method_for_the_OPF_problem_black.pdf,2,footer,"(0.03125, 0.03125, 0.03125, 0.14592274678111594)"
PdfAct,86.tar_1704.07376.gz_planets_black.pdf,4,footer,"(0, 0, 0, 0.28205128205128205)"
PdfAct,69.tar_1704.00492.gz_gcpr2013submission_black.pdf,4,footer,"(0.9462365591397849, 0.9361702127659575, 0.9565217391304348, 0.9843342036553524)"
PdfAct,76.tar_1704.03450.gz_nubeautogravitante_black.pdf,16,footer,"(0.18518518518518517, 0.1282051282051282, 0.3333333333333333, 0.3368983957219251)"
PdfAct,89.tar_1704.08681.gz_AdS_Instability_Arxiv_black.pdf,54,footer,"(0, 0, 0, 0.0)"
PdfAct,79.tar_1704.04693.gz_dust_ice_lines_draft_black.pdf,10,footer,"(0.21875, 0.21875, 0.21875, 0.38285714285714284)"
PdfAct,76.tar_1704.03506.gz_MOMOarithmetic5-7_black.pdf,26,footer,"(0, 0, 0, 0.01408450704225359)"
PdfAct,90.tar_1704.08995.gz_kai_black.pdf,4,footer,"(0.19999999999999998, 0.12222222222222222, 0.55, 0.2105263157894737)"
PdfAct,78.tar_1704.04492.gz_AAK-FINAL_black.pdf,0,footer,"(0, 0, 0, 0.023809523809523794)"
PdfAct,75.tar_1704.03189.gz_LinearRandomGraph-2Mar_black.pdf,0,footer,"(0, 0, 0, 0.0)"
PdfAct,71.tar_1704.01347.gz_564_kulshrestha_black.pdf,10,footer,"(0.48484848484848486, 0.48484848484848486, 0.48484848484848486, 0.6438356164383562)"
PdfAct,72.tar_1704.01967.gz_jhepbiscalar_amplitudes_Yangian_black.pdf,29,footer,"(0, 0, 0, 0.01509433962264154)"
PdfAct,73.tar_1704.02263.gz_acl2017_black.pdf,1,footer,"(0, 0, 0, 0.1488095238095238)"
PdfAct,70.tar_1704.01176.gz_article2_black.pdf,9,footer,"(0, 0, 0, 0.0)"
PdfAct,79.tar_1704.04521.gz_ms_black.pdf,2,footer,"(0.6776315789473685, 0.6776315789473685, 0.6776315789473685, 0.8256018790369936)"
PdfAct,73.tar_1704.02079.gz_draft_black.pdf,0,footer,"(0, 0, 0, 0.10878661087866107)"
PdfAct,71.tar_1704.01513.gz_Learn_Parallel_Programming_black.pdf,3,footer,"(0, 0, 0, 0.0)"
PdfAct,74.tar_1704.02868.gz_ms_arXiv_black.pdf,3,footer,"(0, 0, 0, 0.06572769953051648)"
PdfAct,70.tar_1704.01141.gz_EntEnt_EPJC_black.pdf,3,footer,"(0.23809523809523808, 0.23809523809523808, 0.23809523809523808, 0.38996138996138996)"
PdfAct,69.tar_1704.00729.gz_ms_black.pdf,0,footer,"(1.0, 1.0, 1.0, 0.9206349206349206)"
PdfAct,84.tar_1704.06870.gz_multiBarrier_black.pdf,0,footer,"(0.625, 0.625, 0.625, 0.689655172413793)"
PdfAct,75.tar_1704.03014.gz_final_draft_black.pdf,0,footer,"(0.3877551020408163, 0.2261904761904762, 1.3571428571428572, 0.19708029197080293)"
PdfAct,68.tar_1704.00213.gz_Yaqub_nil-clean_rings_final_verrsion__black.pdf,15,footer,"(0.2, 0.125, 0.5, 0.5230769230769231)"
PdfAct,72.tar_1704.01689.gz_asfp_sub_v3_black.pdf,0,footer,"(0.05405405405405406, 0.05405405405405406, 0.05405405405405406, 0.16417910447761186)"
PdfAct,70.tar_1704.00917.gz_Likelihoods-Lambda_black.pdf,7,footer,"(0.9615384615384615, 0.9259259259259259, 1.0, 0.9685534591194969)"
PdfAct,68.tar_1704.00024.gz_Optical_lattice_trap_f_black.pdf,0,footer,"(0.5061728395061729, 0.5061728395061729, 0.5061728395061729, 0.6487747957993)"
PdfAct,76.tar_1704.03609.gz_arxiv_black.pdf,0,footer,"(0, 0, 0, 0.008695652173912976)"
PdfAct,72.tar_1704.01971.gz_OTOC_quasiprob_v23_black.pdf,8,footer,"(0.13934426229508196, 0.13934426229508196, 0.13934426229508196, 0.2670414617006324)"
PdfAct,71.tar_1704.01326.gz_mn2fega_v13_pdf_black.pdf,9,footer,"(0, 0, 0, 0.18)"
PdfAct,68.tar_1704.00219.gz_simp_gw_black.pdf,24,footer,"(0, 0, 0, 0.0)"
PdfAct,86.tar_1704.07463.gz_streaming-embeddings_black.pdf,10,footer,"(0.3661971830985915, 0.23214285714285715, 0.8666666666666667, 0.33476394849785407)"
PdfAct,77.tar_1704.03720.gz_eta_virial_arxive_final_black.pdf,8,footer,"(0.08, 0.08, 0.08, 0.3514018691588785)"
PdfAct,89.tar_1704.08942.gz_VainshteinVoids_black.pdf,0,footer,"(0.2857142857142857, 0.16666666666666666, 1.0, 0.75)"
PdfAct,85.tar_1704.06894.gz_EuCNC_camera_ready_v1_black.pdf,2,footer,"(0.4236453201970443, 0.25146198830409355, 1.34375, 0.25226710634789784)"
PdfAct,76.tar_1704.03413.gz_MMOfinal_black.pdf,93,footer,"(0, 0, 0, 0.3283582089552239)"
PdfAct,74.tar_1704.02638.gz_BenzaquenBouchaud2017_FLOB_black.pdf,1,footer,"(0.1111111111111111, 0.1111111111111111, 0.1111111111111111, 0.39629629629629626)"
PdfAct,76.tar_1704.03532.gz_CRT-PRX1-submit_black.pdf,8,footer,"(0.07746478873239436, 0.07746478873239436, 0.07746478873239436, 0.17658349328214967)"
PdfAct,70.tar_1704.00947.gz_diffusion_finite_density_ver2_black.pdf,5,footer,"(0, 0, 0, 0.013937282229965148)"
PdfAct,77.tar_1704.03878.gz_quarkgluon_jhep_black.pdf,14,footer,"(0, 0, 0, 0.018761726078799227)"
PdfAct,75.tar_1704.02964.gz_msp_nustar_v7_black.pdf,1,footer,"(0.7272727272727273, 0.7272727272727273, 0.7272727272727273, 0.7808988764044943)"
PdfAct,74.tar_1704.02902.gz_arxiv_black.pdf,11,footer,"(0.25, 0.2, 0.3333333333333333, 0.2973621103117506)"
PdfAct,78.tar_1704.04221.gz_3DtopB_black.pdf,11,footer,"(0.6354166666666666, 0.3860759493670886, 1.7941176470588236, 0.259504132231405)"
PdfAct,68.tar_1704.00326.gz_Counting-ESWA_black.pdf,0,footer,"(0.2647058823529411, 0.2571428571428571, 0.2727272727272727, 0.3444520081688223)"
PdfAct,70.tar_1704.00918.gz_minimal-draft_v15_black.pdf,3,footer,"(0.9574468085106385, 0.9574468085106383, 0.9574468085106383, 0.9841772151898733)"
PdfAct,69.tar_1704.00444.gz_szczurek_epiphany2017_black.pdf,0,footer,"(0, 0, 0, 0.04545454545454547)"
PdfAct,79.tar_1704.04977.gz_sample2e_black.pdf,6,footer,"(0.5066666666666667, 0.3352941176470588, 1.0363636363636364, 0.32527472527472523)"
PdfAct,87.tar_1704.08101.gz_manuscript_black.pdf,0,footer,"(0, 0, 0, 0.03174603174603177)"
PdfAct,70.tar_1704.01108.gz_rmi-sub_black.pdf,18,footer,"(0.013333333333333336, 0.013333333333333334, 0.013333333333333334, 0.10843373493975904)"
PdfAct,72.tar_1704.01894.gz_Minicharged_particles_and_CMB_polarization_black.pdf,3,footer,"(0, 0, 0, 0.0)"
PdfAct,85.tar_1704.06900.gz_opinion_black.pdf,2,footer,"(0.9743589743589743, 0.95, 1.0, 0.9925373134328358)"
PdfAct,68.tar_1704.00328.gz_nonlinellipticbranching_v20_arXiv_black.pdf,7,footer,"(0, 0, 0, 0.0)"
PdfAct,71.tar_1704.01286.gz_all-in-one_black.pdf,34,footer,"(0, 0, 0, 0.015267175572519135)"
PdfAct,72.tar_1704.01894.gz_Minicharged_particles_and_CMB_polarization_black.pdf,4,footer,"(0, 0, 0, 0.0021321961620469664)"
PdfAct,72.tar_1704.01804.gz_glueball_DM_black.pdf,5,footer,"(0, 0, 0, 0.02409638554216869)"
PdfAct,70.tar_1704.01006.gz_bare_conf_black.pdf,2,footer,"(0.16326530612244897, 0.08695652173913043, 1.3333333333333333, 0.11188811188811186)"
PdfAct,72.tar_1704.01771.gz_BobSPRfbk_test_arc_black.pdf,5,footer,"(0, 0, 0, 0.0)"
PdfAct,75.tar_1704.03138.gz_main_black.pdf,0,footer,"(0, 0, 0, 0.07674943566591423)"
PdfAct,79.tar_1704.04530.gz_aaai18-sidenet-arxiv_black.pdf,4,footer,"(0.15789473684210525, 0.15789473684210525, 0.15789473684210525, 0.2840579710144928)"
PdfAct,78.tar_1704.04214.gz_conservation_laws_arXiv_1.04_black.pdf,6,footer,"(0, 0, 0, 0.0)"
PdfAct,88.tar_1704.08441.gz_filament_black.pdf,0,footer,"(0.5, 0.3333333333333333, 1.0, 0.8)"
PdfAct,73.tar_1704.02380.gz_Scouts_black.pdf,8,footer,"(0, 0, 0, 0.025)"
PdfAct,75.tar_1704.03253.gz_hops_p3_black.pdf,28,footer,"(0, 0, 0, 0.09917355371900825)"
PdfAct,70.tar_1704.01168.gz_uai_2017_black.pdf,8,footer,0
PdfAct,71.tar_1704.01224.gz_ElhamdadiLiuNelson_black.pdf,13,footer,"(0.3333333333333333, 0.3333333333333333, 0.3333333333333333, 0.6129032258064516)"
PdfAct,79.tar_1704.05026.gz_Quantum_contribution_black.pdf,14,footer,"(0, 0, 0, 0.04)"
PdfAct,87.tar_1704.08165.gz_arxiv_paper_black.pdf,8,footer,"(0, 0, 0, 0.0)"
PdfAct,75.tar_1704.02972.gz_Aesthetic_CAPTCHA_IJIS_black.pdf,7,footer,"(0, 0, 0, 0.0)"
PdfAct,85.tar_1704.07321.gz_FTEScheme_black.pdf,0,footer,"(0, 0, 0, 0.0)"
PdfAct,79.tar_1704.04571.gz_mnras_template_black.pdf,2,footer,"(0, 0, 0, 0.05714285714285708)"
PdfAct,69.tar_1704.00571.gz_La_Arvix_black.pdf,0,footer,"(0.3050847457627119, 0.25, 0.391304347826087, 0.35856573705179284)"
PdfAct,86.tar_1704.07453.gz_Prediction_and_Tolerance_Intervals_for_DTRs_black.pdf,11,footer,"(0, 0, 0, 0.020618556701030997)"
PdfAct,78.tar_1704.04205.gz_nds-hybrid_black.pdf,2,footer,"(0, 0, 0, 0.019230769230769197)"
PdfAct,70.tar_1704.00898.gz_main_black.pdf,3,footer,"(0, 0, 0, 0.22828784119106701)"
PdfAct,74.tar_1704.02773.gz_Cr_main_text_and_SM_black.pdf,2,footer,"(0.4067796610169491, 0.2962962962962963, 0.6486486486486487, 0.3485714285714286)"
PdfAct,69.tar_1704.00552.gz_acl2017_black.pdf,3,footer,"(0.2413793103448276, 0.1320754716981132, 1.4, 0.14441416893732964)"
PdfAct,79.tar_1704.04884.gz_20170416ClingherMalmendier_black.pdf,16,footer,"(0, 0, 0, 0.09729729729729726)"
PdfAct,77.tar_1704.03764.gz_main_black.pdf,6,footer,"(0, 0, 0, 0.010282776349614409)"
PdfAct,89.tar_1704.08605.gz_manuscript_TCT_arxiv_black.pdf,0,footer,"(0, 0, 0, 0.01784386617100367)"
PdfAct,76.tar_1704.03360.gz_gerrymanderingPaper2017_black.pdf,35,footer,"(0, 0, 0, 0.0)"
PdfAct,88.tar_1704.08441.gz_filament_black.pdf,9,footer,"(0, 0, 0, 0.1089108910891089)"
PdfAct,68.tar_1704.00002.gz_ms_black.pdf,0,footer,"(0, 0, 0, 0.16326530612244894)"
PdfAct,79.tar_1704.04909.gz_fcumulant_sub_black.pdf,0,footer,"(0.896551724137931, 0.8387096774193549, 0.9629629629629629, 0.9435028248587571)"
PdfAct,89.tar_1704.08838.gz_fixed_circle_problem_black.pdf,14,footer,"(0.15384615384615385, 0.09090909090909091, 0.5, 0.475609756097561)"
PdfAct,86.tar_1704.07515.gz_arxiv_src_black.pdf,10,footer,"(0.967741935483871, 0.9375, 1.0, 0.992063492063492)"
PdfAct,80.tar_1704.05088.gz_fritz_JO36_acccepted_black.pdf,24,footer,0
PdfAct,89.tar_1704.08714.gz_AP_PT_black.pdf,0,footer,"(0, 0, 0, 0.006756756756756772)"
PdfAct,76.tar_1704.03413.gz_MMOfinal_black.pdf,7,footer,"(1.0, 1.0, 1.0, 1.0)"
PdfAct,86.tar_1704.07388.gz_draft_revised_1_black.pdf,19,footer,"(0, 0, 0, 0.04545454545454547)"
PdfAct,87.tar_1704.07763.gz_Draft_black.pdf,13,footer,"(0, 0, 0, 0.0023148148148148095)"
PdfAct,78.tar_1704.04329.gz_apj_ms_revised_black.pdf,4,footer,"(0, 0, 0, 0.16033755274261607)"
PdfAct,78.tar_1704.04441.gz_robust-nlp_black.pdf,0,footer,"(0, 0, 0, 0.16901408450704225)"
PdfAct,77.tar_1704.03895.gz_egpaper_for_review_black.pdf,5,footer,"(0.17647058823529413, 0.17647058823529413, 0.17647058823529413, 0.384)"
PdfAct,74.tar_1704.02922.gz_cluster-paper1_black.pdf,1,footer,"(0, 0, 0, 0.03225806451612897)"
PdfAct,89.tar_1704.08636.gz_paper_black.pdf,1,footer,"(0, 0, 0, 0.037151702786377715)"
PdfAct,68.tar_1704.00008.gz_NRHilbertSeries_black.pdf,1,footer,"(0.9555555555555556, 0.9555555555555556, 0.9555555555555556, 0.9831144465290806)"
PdfAct,73.tar_1704.02263.gz_acl2017_black.pdf,2,footer,"(0, 0, 0, 0.2)"
PdfAct,85.tar_1704.07210.gz_170916a_Kakeya_black.pdf,0,footer,"(0, 0, 0, 0.0066006600660065825)"
PdfAct,78.tar_1704.04138.gz_FermionicDM_icecube_black.pdf,25,footer,"(0, 0, 0, 0.054054054054054036)"
PdfAct,72.tar_1704.01804.gz_glueball_DM_black.pdf,8,footer,"(0, 0, 0, 0.018867924528301928)"
PdfAct,89.tar_1704.08717.gz_Massless_black.pdf,37,footer,"(0, 0, 0, 0.015444015444015378)"
PdfAct,89.tar_1704.08768.gz_ICME_black.pdf,0,footer,"(0, 0, 0, 0.04285714285714292)"
PdfAct,84.tar_1704.06777.gz_Conf_MEC_arXiv_black.pdf,3,footer,"(0.21999999999999997, 0.18333333333333332, 0.275, 0.3590664272890484)"
PdfAct,84.tar_1704.06785.gz_A_general_private_information_retrieval_scheme_for_MDS_coded_databases_with_colluding_servers_black.pdf,3,footer,"(0.9444444444444444, 0.9444444444444444, 0.9444444444444444, 0.9608091024020227)"
PdfAct,69.tar_1704.00439.gz_CPC-Published_D_Ds_meson_black.pdf,0,footer,"(0, 0, 0, 0.06593406593406598)"
PdfAct,69.tar_1704.00478.gz_Uniqueness_black.pdf,8,footer,"(0.8307692307692308, 0.8181818181818182, 0.84375, 0.893150684931507)"
PdfAct,76.tar_1704.03665.gz_draft_black.pdf,8,footer,"(0, 0, 0, 0.07329842931937179)"
PdfAct,75.tar_1704.02980.gz_pGalileonsClassification_2_black.pdf,14,footer,"(0.5319148936170213, 0.5319148936170213, 0.5319148936170213, 0.7248322147651006)"
PdfAct,69.tar_1704.00658.gz_Subspace_codebook_TIT_black.pdf,0,footer,"(0, 0, 0, 0.02846299810246677)"
PdfAct,88.tar_1704.08265.gz_jcgs_draft_shortened_black.pdf,0,footer,"(0, 0, 0, 0.005730659025787901)"
PdfAct,80.tar_1704.05309.gz_EFT-RSD-2017-11-22_black.pdf,46,footer,"(0, 0, 0, 0.015209125475285105)"
PdfAct,86.tar_1704.07436.gz_ms_black.pdf,3,footer,"(0, 0, 0, 0.08032786885245898)"
PdfAct,76.tar_1704.03628.gz_EinPaperArXivFinalVersion_Jan2018__black.pdf,0,footer,"(0, 0, 0, 0.008298755186721962)"
PdfAct,80.tar_1704.05160.gz_networks_black.pdf,1,footer,"(0.24000000000000002, 0.13636363636363635, 1.0, 0.17636684303350975)"
PdfAct,73.tar_1704.02052.gz_TRB_2017_327R1_black.pdf,0,footer,"(0, 0, 0, 0.0)"
PdfAct,86.tar_1704.07553.gz_EuCNC_paper_cperfecto_revised_arXiv_black.pdf,4,footer,"(0.03389830508474576, 0.025, 0.05263157894736842, 0.27804878048780496)"
PdfAct,76.tar_1704.03641.gz_technicalreport_black.pdf,0,footer,"(0, 0, 0, 0.03053435114503813)"
PdfAct,89.tar_1704.08570.gz_penrose_gyratons_black.pdf,0,footer,"(0, 0, 0, 0.0)"
PdfAct,73.tar_1704.02173.gz_Divergence_free_Qian-Xi-2017-12-15_black.pdf,0,footer,"(0, 0, 0, 0.013333333333333286)"
PdfAct,76.tar_1704.03590.gz_RLE_arxiv_black.pdf,0,footer,"(0, 0, 0, 0.0)"
PdfAct,87.tar_1704.07829.gz_gaia_binaries_black.pdf,8,footer,"(0, 0, 0, 0.041884816753926656)"
PdfAct,77.tar_1704.03718.gz_dxml_black.pdf,0,footer,"(0, 0, 0, 0.10396039603960389)"
PdfAct,85.tar_1704.07240.gz_TAUP2015_proceeding_black.pdf,0,footer,"(0, 0, 0, 0.0625)"
PdfAct,78.tar_1704.04314.gz_CPT_and_Heptiamonds_II_arX_black.pdf,37,footer,"(0, 0, 0, 0.005333333333333314)"
PdfAct,89.tar_1704.08679.gz_AoI_2hop_arXiv_v2_black.pdf,0,footer,"(0.04938271604938272, 0.02643171806167401, 0.375, 0.06851119894598157)"
PdfAct,73.tar_1704.02327.gz_OneLoopRadiativeCorrectionsScalarEigenstates_black.pdf,6,footer,"(0, 0, 0, 0.016348773841961872)"
PdfAct,85.tar_1704.06901.gz_SM-BMD_WINE17_arxiv_black.pdf,2,footer,"(0, 0, 0, 0.0)"
PdfAct,79.tar_1704.04608.gz_minCCIS_Approx_black.pdf,0,footer,"(0.4175824175824176, 0.2585034013605442, 1.0857142857142856, 0.2557319223985891)"
PdfAct,89.tar_1704.08570.gz_penrose_gyratons_black.pdf,9,footer,"(0, 0, 0, 0.0)"
PdfAct,80.tar_1704.05268.gz_qg_extremes_black.pdf,12,footer,"(0, 0, 0, 0.0)"
PdfAct,74.tar_1704.02479.gz_main_black.pdf,0,footer,"(0, 0, 0, 0.0027063599458728048)"
PdfAct,72.tar_1704.01790.gz_paper3_arxiv_black.pdf,0,footer,"(0, 0, 0, 0.0)"
PdfAct,76.tar_1704.03506.gz_MOMOarithmetic5-7_black.pdf,1,footer,"(0, 0, 0, 0.0061728395061727784)"
PdfAct,76.tar_1704.03553.gz_Nahrgang_black.pdf,0,footer,"(0, 0, 0, 0.047058823529411736)"
PdfAct,73.tar_1704.02285.gz_reply_black.pdf,2,footer,"(0.20588235294117646, 0.13725490196078433, 0.4117647058823529, 0.2418136020151134)"
PdfAct,70.tar_1704.01168.gz_uai_2017_black.pdf,5,footer,"(0.22500000000000003, 0.15254237288135594, 0.42857142857142855, 0.2811244979919678)"
PdfAct,69.tar_1704.00552.gz_acl2017_black.pdf,0,footer,"(0, 0, 0, 0.23529411764705885)"
PdfAct,78.tar_1704.04149.gz_Joint-Transfer-of-Energy-and-Information-in-a-two-hop-relay-channel_black.pdf,0,footer,"(0.13740458015267176, 0.07758620689655173, 0.6, 0.1815789473684211)"
PdfAct,85.tar_1704.06901.gz_SM-BMD_WINE17_arxiv_black.pdf,29,footer,"(0, 0, 0, 0.006309148264984259)"
PdfAct,89.tar_1704.08546.gz_L_functions_black.pdf,25,footer,"(1.0, 1.0, 1.0, 1.0)"
PdfAct,71.tar_1704.01335.gz_massietal_black.pdf,0,footer,"(0.4444444444444445, 0.2857142857142857, 1.0, 0.735632183908046)"
PdfAct,89.tar_1704.08928.gz_GPW4_black.pdf,13,footer,"(0.7857142857142857, 0.7857142857142857, 0.7857142857142857, 0.9056603773584905)"
PdfAct,73.tar_1704.02270.gz_SizeQuantumStates_MacroscopicInformationCapacity_black.pdf,6,footer,"(0.03333333333333333, 0.03333333333333333, 0.03333333333333333, 0.31284916201117313)"
PdfAct,72.tar_1704.01996.gz_Report_black.pdf,0,footer,"(0, 0, 0, 0.2424242424242425)"
PdfAct,73.tar_1704.02044.gz_takeshita-srimp2_black.pdf,0,footer,"(0, 0, 0, 0.2867924528301887)"
PdfAct,72.tar_1704.01617.gz_LiomaB-ecir-19122008_black.pdf,4,footer,"(0.9767441860465117, 0.9545454545454546, 1.0, 0.9545454545454546)"
PdfAct,88.tar_1704.08258.gz_article_CR_GCE_arXiv_v2_black.pdf,11,footer,"(0, 0, 0, 0.06349206349206354)"
PdfAct,85.tar_1704.07133.gz_2017_Arxiv_BeepingAMaximalIndependentSetFast_black.pdf,0,footer,"(0.75, 0.75, 0.75, 0.84375)"
PdfAct,87.tar_1704.07828.gz_submission_black.pdf,0,footer,"(0.34, 0.2, 1.1333333333333333, 0.2169059011164275)"
PdfAct,68.tar_1704.00278.gz_AMSI16JGPv3_black.pdf,0,footer,"(0, 0, 0, 0.0)"
PdfAct,73.tar_1704.02161.gz_Express_style_black.pdf,0,footer,"(0.1176470588235294, 0.06115107913669065, 1.5454545454545454, 0.09689310163243818)"
PdfAct,72.tar_1704.01972.gz_ms_black.pdf,0,footer,"(0, 0, 0, 0.18705035971223027)"
PdfAct,75.tar_1704.03018.gz_nupha-template-changed_black.pdf,1,footer,"(0.9886363636363636, 0.9886363636363636, 0.9886363636363636, 0.9952785646836638)"
PdfAct,76.tar_1704.03506.gz_MOMOarithmetic5-7_black.pdf,17,footer,"(0, 0, 0, 0.011976047904191631)"
PdfAct,71.tar_1704.01397.gz_icra2017_black.pdf,0,footer,"(0.10989010989010989, 0.10989010989010989, 0.10989010989010989, 0.3075221238938053)"
PdfAct,78.tar_1704.04373.gz_HigherOrder_black.pdf,5,footer,"(0, 0, 0, 0.0)"
PdfAct,71.tar_1704.01236.gz_virgo_outskirts_ansref2_black.pdf,9,footer,"(0, 0, 0, 0.03021148036253777)"
PdfAct,86.tar_1704.07676.gz_conc_meas_black.pdf,0,footer,"(0, 0, 0, 0.010204081632653015)"
PdfAct,72.tar_1704.01946.gz_main_black.pdf,14,footer,"(0, 0, 0, 0.08503937007874014)"
PdfAct,69.tar_1704.00511.gz_Luecke_Schlicht_Measurable_cardinals_and_good_Sigma_1_WO_black.pdf,13,footer,0
PdfAct,79.tar_1704.05024.gz_affine_black.pdf,30,footer,"(0.25641025641025644, 0.22727272727272727, 0.29411764705882354, 0.3723404255319149)"
PdfAct,72.tar_1704.02013.gz_ms_black.pdf,4,footer,"(0.36734693877551017, 0.21686746987951808, 1.2, 0.20408163265306128)"
PdfAct,69.tar_1704.00649.gz_paper_black.pdf,19,footer,"(0, 0, 0, 0.25925925925925924)"
PdfAct,73.tar_1704.02356.gz_main_black.pdf,1,footer,"(0.06451612903225805, 0.03636363636363636, 0.2857142857142857, 0.2632911392405063)"
PdfAct,89.tar_1704.08697.gz_ms_black.pdf,1,footer,"(0, 0, 0, 0.08648648648648645)"
PdfAct,69.tar_1704.00454.gz_HilbertGeometryProbaSimplexV2_black.pdf,0,footer,"(0, 0, 0, 0.0)"
PdfAct,87.tar_1704.08186.gz_MFD_black.pdf,4,footer,"(0.07142857142857142, 0.07142857142857142, 0.07142857142857142, 0.2095238095238095)"
PdfAct,87.tar_1704.07829.gz_gaia_binaries_black.pdf,11,footer,"(0, 0, 0, 0.025316455696202524)"
PdfAct,71.tar_1704.01305.gz_Throughput-Analysis-v14_black.pdf,0,footer,"(0.2391304347826087, 0.2391304347826087, 0.2391304347826087, 0.4019253910950662)"
PdfAct,80.tar_1704.05373.gz_main_black.pdf,14,footer,"(0, 0, 0, 0.13253012048192772)"
PdfAct,84.tar_1704.06697.gz_pairs_trading_arxiv_black.pdf,2,footer,"(0.875, 0.875, 0.875, 0.7636363636363636)"
PdfAct,86.tar_1704.07609.gz_manuscript_revised_black.pdf,0,footer,"(0, 0, 0, 0.06021505376344081)"
PdfAct,68.tar_1704.00143.gz_eliminat_black.pdf,0,footer,"(0, 0, 0, 0.004842615012106535)"
PdfAct,80.tar_1704.05286.gz_main_black.pdf,0,footer,"(0.05263157894736842, 0.05263157894736842, 0.05263157894736842, 0.410958904109589)"
PdfAct,68.tar_1704.00327.gz_rotor_failure_cst_black.pdf,0,footer,"(0.15333333333333332, 0.08013937282229965, 1.7692307692307692, 0.09171443460135492)"
PdfAct,77.tar_1704.03996.gz_co255_arXiv_black.pdf,0,footer,"(0.8, 0.6666666666666666, 1.0, 0.9487179487179488)"
PdfAct,68.tar_1704.00115.gz_jdiq-acmsmall-review-final_black.pdf,0,footer,"(0, 0, 0, 0.28888888888888886)"
PdfAct,88.tar_1704.08299.gz_occupational_income_score_black.pdf,19,footer,"(0, 0, 0, 0.0)"
PdfAct,72.tar_1704.02014.gz_ms_black.pdf,1,footer,"(0.8717948717948718, 0.8717948717948718, 0.8717948717948718, 0.7903225806451613)"
PdfAct,88.tar_1704.08468.gz_TZhopset10_black.pdf,2,footer,"(0, 0, 0, 0.0)"
PdfAct,78.tar_1704.04463.gz_gbe_td_arx_black.pdf,10,footer,"(0.2545454545454545, 0.2, 0.35, 0.32131147540983607)"
PdfAct,85.tar_1704.07077.gz_MLFGM_black.pdf,3,footer,"(0.18181818181818185, 0.15, 0.23076923076923078, 0.4415584415584416)"
PdfAct,72.tar_1704.01804.gz_glueball_DM_black.pdf,17,footer,"(0, 0, 0, 0.03550295857988161)"
PdfAct,74.tar_1704.02853.gz_scienceie2017_black.pdf,2,footer,"(0.4583333333333333, 0.4583333333333333, 0.4583333333333333, 0.6260869565217392)"
PdfAct,69.tar_1704.00559.gz_lat2seq-emnlp-with-appendix_black.pdf,6,footer,"(0.4472049689440994, 0.3302752293577982, 0.6923076923076923, 0.3770977295162883)"
PdfAct,84.tar_1704.06687.gz_plot_extraction_black.pdf,1,footer,"(0.20202020202020202, 0.12195121951219512, 0.5882352941176471, 0.19844961240310086)"
PdfAct,72.tar_1704.01917.gz_Final_black.pdf,0,footer,"(0.14358974358974358, 0.11475409836065574, 0.1917808219178082, 0.34645669291338577)"
PdfAct,80.tar_1704.05245.gz_TungstenBronzes-tmertelj-1_black.pdf,4,footer,"(0.48611111111111116, 0.40229885057471265, 0.6140350877192983, 0.3935828877005348)"
PdfAct,77.tar_1704.03956.gz_arxiv_black.pdf,7,footer,"(0.08695652173913045, 0.04878048780487805, 0.4, 0.15)"
PdfAct,84.tar_1704.06840.gz_Ranking-arxiv-v1_black.pdf,15,footer,"(0, 0, 0, 0.0)"
PdfAct,69.tar_1704.00448.gz_LC_black.pdf,12,footer,"(0, 0, 0, 0.014527845036319605)"
PdfAct,74.tar_1704.02842.gz_chaI_macc_all_black.pdf,5,footer,"(0.8727272727272727, 0.7741935483870968, 1.0, 0.9173333333333333)"
PdfAct,79.tar_1704.04853.gz_main_black.pdf,0,footer,"(0.16494845360824742, 0.16, 0.1702127659574468, 0.37317784256559766)"
PdfAct,73.tar_1704.02171.gz_loreti-sforza2017square_black.pdf,0,footer,"(0, 0, 0, 0.005797101449275317)"
PdfAct,71.tar_1704.01246.gz_ipmi_chuyang_ye_2017_2_black.pdf,6,footer,"(0.6666666666666666, 0.5, 1.0, 0.9411764705882354)"
PdfAct,71.tar_1704.01477.gz_KKZZ_revised_black.pdf,0,footer,"(0.4230769230769231, 0.26666666666666666, 1.0232558139534884, 0.28632784538296346)"
PdfAct,87.tar_1704.07763.gz_Draft_black.pdf,1,footer,"(0, 0, 0, 0.004842615012106535)"
PdfAct,89.tar_1704.08798.gz_AffectIntensityLexicon_black.pdf,0,footer,"(0.15384615384615385, 0.09565217391304348, 0.39285714285714285, 0.2178010471204189)"
PdfAct,77.tar_1704.03997.gz_CPT_and_Heptiamonds_I_arX_black.pdf,0,footer,"(0.012658227848101266, 0.012658227848101266, 0.012658227848101266, 0.004048582995951478)"
PdfAct,72.tar_1704.01975.gz_paper_black.pdf,15,footer,"(0, 0, 0, 0.054054054054054036)"
PdfAct,70.tar_1704.00736.gz_EFT_limits_black.pdf,9,footer,"(0, 0, 0, 0.0)"
PdfAct,89.tar_1704.08928.gz_GPW4_black.pdf,42,footer,"(0.27906976744186046, 0.2222222222222222, 0.375, 0.3938223938223938)"
PdfAct,71.tar_1704.01362.gz_A_contribution_to_the_Calderon_problem_for_Yang-Mills_connections_black.pdf,19,footer,"(0.5714285714285714, 0.5714285714285714, 0.5714285714285714, 0.7003891050583658)"
PdfAct,70.tar_1704.01131.gz_cuscutonPerturbation_black.pdf,8,footer,"(0, 0, 0, 0.05217391304347828)"
PdfAct,77.tar_1704.03844.gz_report_black.pdf,2,footer,"(0, 0, 0, 0.0)"
PdfAct,76.tar_1704.03450.gz_nubeautogravitante_black.pdf,15,footer,"(0.3687150837988827, 0.23404255319148937, 0.868421052631579, 0.3039399624765478)"
PdfAct,78.tar_1704.04341.gz_paper_black.pdf,1,footer,"(0.17857142857142858, 0.17857142857142858, 0.17857142857142858, 0.3818181818181818)"
PdfAct,70.tar_1704.00736.gz_EFT_limits_black.pdf,7,footer,"(0, 0, 0, 0.0)"
PdfAct,76.tar_1704.03307.gz_final_black.pdf,0,footer,"(0, 0, 0, 0.010695187165775338)"
PdfAct,89.tar_1704.08656.gz_main_black.pdf,0,footer,"(0, 0, 0, 0.3076923076923077)"
PdfAct,86.tar_1704.07669.gz_mypaper1_black.pdf,0,footer,"(0.5454545454545454, 0.5454545454545454, 0.5454545454545454, 0.3406593406593407)"
PdfAct,85.tar_1704.07266.gz_Poly_final_black.pdf,3,footer,"(0, 0, 0, 0.0)"
PdfAct,89.tar_1704.08948.gz_khanal_sajjadi_black.pdf,2,footer,"(0.9523809523809523, 0.9375, 0.967741935483871, 0.9766233766233766)"
PdfAct,79.tar_1704.04966.gz_Shang_black.pdf,22,footer,"(0.016129032258064516, 0.016129032258064516, 0.016129032258064516, 0.10230179028132995)"
PdfAct,78.tar_1704.04146.gz_osarxiv_black.pdf,16,footer,"(0, 0, 0, 0.11023622047244089)"
PdfAct,80.tar_1704.05324.gz_overlap_black.pdf,22,footer,"(0.21276595744680848, 0.2127659574468085, 0.2127659574468085, 0.35431235431235436)"
PdfAct,78.tar_1704.04134.gz_Ho_4_black.pdf,0,footer,"(0, 0, 0, 0.04275092936802977)"
PdfAct,73.tar_1704.02473.gz_Herman_Berger_Turaev_black.pdf,38,footer,"(0, 0, 0, 0.0)"
PdfAct,76.tar_1704.03647.gz_A_component-based_dual_decomposition_method_for_the_OPF_problem_black.pdf,1,footer,"(0.3703703703703704, 0.35714285714285715, 0.38461538461538464, 0.41368584758942456)"
PdfAct,72.tar_1704.01971.gz_OTOC_quasiprob_v23_black.pdf,26,footer,"(0.10810810810810811, 0.10810810810810811, 0.10810810810810811, 0.24342745861733206)"
PdfAct,73.tar_1704.02084.gz_panjer_arxiv_black.pdf,3,footer,"(0.06451612903225808, 0.058823529411764705, 0.07142857142857142, 0.35)"
PdfAct,78.tar_1704.04183.gz_Formal_Duality_black.pdf,16,footer,"(0, 0, 0, 0.18691588785046734)"
PdfAct,86.tar_1704.07713.gz_polytrop_mns1_black.pdf,7,footer,"(0, 0, 0, 0.0076775431861804576)"
PdfAct,77.tar_1704.03779.gz_jmr_black.pdf,73,footer,"(0.07142857142857142, 0.07142857142857142, 0.07142857142857142, 0.28634361233480177)"
PdfAct,79.tar_1704.04862.gz_coupling_new_black.pdf,0,footer,"(0, 0, 0, 0.2264150943396227)"
PdfAct,71.tar_1704.01454.gz_Anchor-far96_arxive_black.pdf,0,footer,"(0, 0, 0, 0.0)"
PdfAct,72.tar_1704.01955.gz_2d4dAD_black.pdf,11,footer,"(0, 0, 0, 0.011142061281337021)"
PdfAct,85.tar_1704.07019.gz_MBIR_JBIG2_CVPR_v105_black.pdf,0,footer,"(0, 0, 0, 0.014492753623188435)"
PdfAct,72.tar_1704.01794.gz_manuscript_black.pdf,4,footer,"(0, 0, 0, 0.03829160530191458)"
PdfAct,68.tar_1704.00166.gz_BGP-braid_group_relation-0322_black.pdf,0,footer,"(0, 0, 0, 0.021739130434782653)"
PdfAct,68.tar_1704.00180.gz_arxiv_black.pdf,0,footer,"(0.025974025974025976, 0.016666666666666666, 0.058823529411764705, 0.28298279158699813)"
PdfAct,89.tar_1704.08691.gz_california_apj_black.pdf,11,footer,"(0.018867924528301886, 0.018867924528301886, 0.018867924528301886, 0.08737864077669898)"
PdfAct,69.tar_1704.00534.gz_ifac2017_flex_black.pdf,5,footer,"(0.10714285714285714, 0.10714285714285714, 0.10714285714285714, 0.3739130434782609)"
PdfAct,72.tar_1704.01624.gz_newcorfu2016_black.pdf,27,footer,"(0, 0, 0, 0.0)"
PdfAct,75.tar_1704.03034.gz_epiga_Schnell_black.pdf,1,footer,"(0, 0, 0, 0.15300546448087432)"
PdfAct,87.tar_1704.08035.gz_Example_black.pdf,0,footer,"(0, 0, 0, 0.2329317269076306)"
PdfAct,80.tar_1704.05300.gz_ver2_black.pdf,0,footer,"(0, 0, 0, 0.0)"
PdfAct,74.tar_1704.02770.gz_PP_v2.0_black.pdf,7,footer,"(0, 0, 0, 0.0)"
PdfAct,76.tar_1704.03633.gz_paperv2_black.pdf,5,footer,"(0, 0, 0, 0.0392156862745098)"
PdfAct,69.tar_1704.00418.gz_ms_black.pdf,4,footer,"(0, 0, 0, 0.10138248847926264)"
PdfAct,79.tar_1704.04888.gz_Yokoi_2017_arXiv_new2_black.pdf,0,footer,"(0, 0, 0, 0.02409638554216869)"
PdfAct,71.tar_1704.01603.gz_LiomaIIIX-20062012_black.pdf,2,footer,"(0.30952380952380953, 0.30952380952380953, 0.30952380952380953, 0.5080831408775982)"
PdfAct,70.tar_1704.01112.gz_articolo-tres.11_black.pdf,1,footer,"(0.3448275862068966, 0.21505376344086022, 0.8695652173913043, 0.22552664188351926)"
PdfAct,88.tar_1704.08367.gz_He2-10_MUSE_black.pdf,0,footer,"(0, 0, 0, 0.22352941176470595)"
PdfAct,74.tar_1704.02537.gz_submission_black.pdf,3,footer,"(0, 0, 0, 0.01481481481481481)"
PdfAct,76.tar_1704.03641.gz_technicalreport_black.pdf,1,footer,"(0.8571428571428571, 0.8571428571428571, 0.8571428571428571, 0.9797979797979798)"
PdfAct,69.tar_1704.00732.gz_MM-MRCJMDK-17_black.pdf,2,footer,"(0, 0, 0, 0.047904191616766525)"
PdfAct,85.tar_1704.06901.gz_SM-BMD_WINE17_arxiv_black.pdf,4,footer,"(0, 0, 0, 0.0)"
PdfAct,84.tar_1704.06772.gz_3-component_paper_black.pdf,8,footer,"(0.08771929824561403, 0.08771929824561403, 0.08771929824561403, 0.28389830508474573)"
PdfAct,79.tar_1704.04530.gz_aaai18-sidenet-arxiv_black.pdf,1,footer,"(0.2816901408450704, 0.19047619047619047, 0.5405405405405406, 0.31781376518218624)"
PdfAct,75.tar_1704.02990.gz_Static_Hairs_Einstein-aether_v2_black.pdf,11,footer,"(0.25, 0.25, 0.25, 0.35680751173708924)"
PdfAct,76.tar_1704.03532.gz_CRT-PRX1-submit_black.pdf,14,footer,"(0.40425531914893614, 0.24358974358974358, 1.1875, 0.23058446757405932)"
PdfAct,79.tar_1704.04744.gz_vanishing_arxiv_black.pdf,2,footer,"(0.7857142857142857, 0.7857142857142857, 0.7857142857142857, 0.96)"
PdfAct,76.tar_1704.03633.gz_paperv2_black.pdf,2,footer,"(0, 0, 0, 0.014285714285714306)"
PdfAct,85.tar_1704.07150.gz_TeichStackv2_black.pdf,2,footer,"(0.9500000000000001, 0.95, 0.95, 0.9452054794520548)"
PdfAct,87.tar_1704.08041.gz_musclBVDsub_black.pdf,1,footer,"(0, 0, 0, 0.0)"
PdfAct,70.tar_1704.00991.gz_semilocalArxiv2_black.pdf,1,footer,"(0.9600000000000001, 0.9230769230769231, 1.0, 0.9859154929577465)"
PdfAct,87.tar_1704.07772.gz_sec_paper_post_arxiv_black.pdf,26,footer,"(0, 0, 0, 0.00961538461538467)"
PdfAct,89.tar_1704.08681.gz_AdS_Instability_Arxiv_black.pdf,32,footer,"(0, 0, 0, 0.014285714285714306)"
PdfAct,72.tar_1704.01967.gz_jhepbiscalar_amplitudes_Yangian_black.pdf,33,footer,"(0, 0, 0, 0.027027027027027088)"
PdfAct,85.tar_1704.06884.gz_electroweak_black.pdf,12,footer,"(0.09090909090909091, 0.09090909090909091, 0.09090909090909091, 0.1549497847919656)"
PdfAct,70.tar_1704.00902.gz_infomod_black.pdf,9,footer,"(0, 0, 0, 0.0)"
PdfAct,79.tar_1704.04904.gz_paper_black.pdf,0,footer,"(0.7560975609756099, 0.7560975609756098, 0.7560975609756098, 0.8486562942008488)"
PdfAct,78.tar_1704.04470.gz_Arxiv_Bandit_black.pdf,2,footer,"(0, 0, 0, 0.00754716981132077)"
PdfAct,77.tar_1704.03878.gz_quarkgluon_jhep_black.pdf,18,footer,"(0, 0, 0, 0.020066889632107062)"
PdfAct,76.tar_1704.03572.gz_SFR.ab_black.pdf,0,footer,"(0.5, 0.3333333333333333, 1.0, 0.7391304347826088)"
PdfAct,80.tar_1704.05434.gz_dynamic_event_black.pdf,0,footer,"(0.15, 0.15, 0.15, 0.3265306122448979)"
PdfAct,88.tar_1704.08277.gz_classification_all_groups_final_JHEP_mod2_black.pdf,11,footer,"(0, 0, 0, 0.025862068965517297)"
PdfAct,89.tar_1704.08669.gz_braun_thul_longtin_pre_april_2017_final_black.pdf,13,footer,"(0, 0, 0, 0.15116279069767444)"
PdfAct,74.tar_1704.02868.gz_ms_arXiv_black.pdf,8,footer,"(0, 0, 0, 0.05211726384364823)"
PdfAct,76.tar_1704.03429.gz_prism_black.pdf,8,footer,"(0.13333333333333333, 0.07142857142857142, 1.0, 0.2416107382550335)"
PdfAct,74.tar_1704.02906.gz_main_black.pdf,0,footer,"(0, 0, 0, 0.0)"
PdfAct,70.tar_1704.00871.gz_AFcoarsenivsubmit1_black.pdf,8,footer,"(0.2818791946308725, 0.15441176470588236, 1.6153846153846154, 0.13088404133180248)"
PdfAct,77.tar_1704.03704.gz_ICT2017_black.pdf,2,footer,"(0, 0, 0, 0.24799999999999997)"
PdfAct,89.tar_1704.08810.gz_PAVI_black.pdf,0,footer,"(0, 0, 0, 0.0)"
PdfAct,72.tar_1704.01971.gz_OTOC_quasiprob_v23_black.pdf,3,footer,"(0.05263157894736842, 0.05263157894736842, 0.05263157894736842, 0.3407155025553662)"
PdfAct,69.tar_1704.00461.gz_du_star_plus_pt1_main_black.pdf,0,footer,"(0, 0, 0, 0.0)"
PdfAct,71.tar_1704.01312.gz_on_generalization_in_DL_black.pdf,1,footer,"(0, 0, 0, 0.0)"
PdfAct,85.tar_1704.06879.gz_acl2017_black.pdf,0,footer,"(1.0, 1.0, 1.0, 0.9302325581395349)"
PdfAct,87.tar_1704.07897.gz_gsi2017_black.pdf,0,footer,"(0, 0, 0, 0.16793893129770993)"
PdfAct,79.tar_1704.04817.gz_EPRL_Asymptotics_and_the_Flatness_Problem_draft5__black.pdf,3,footer,"(0, 0, 0, 0.0)"
PdfAct,86.tar_1704.07722.gz_Sakurai_Hori_2017_black.pdf,0,footer,"(0.08333333333333333, 0.08333333333333333, 0.08333333333333333, 0.32)"
PdfAct,84.tar_1704.06746.gz_draft_black.pdf,0,footer,"(0, 0, 0, 0.1875)"
PdfAct,71.tar_1704.01594.gz_arxiv_submission_black.pdf,5,footer,"(0.5964912280701754, 0.4594594594594595, 0.85, 0.34437086092715236)"
PdfAct,72.tar_1704.01804.gz_glueball_DM_black.pdf,9,footer,"(0, 0, 0, 0.0370370370370371)"
PdfAct,77.tar_1704.03947.gz_mvMDETBME3_black.pdf,0,footer,"(0.5652173913043478, 0.5652173913043478, 0.5652173913043478, 0.7012750455373407)"
PdfAct,78.tar_1704.04329.gz_apj_ms_revised_black.pdf,2,footer,"(0, 0, 0, 0.15527950310559008)"
PdfAct,76.tar_1704.03489.gz_cvpr2017_tateno_black.pdf,0,footer,"(0, 0, 0, 0.0)"
PdfAct,90.tar_1704.09009.gz_paper_black.pdf,0,footer,"(0.5, 0.3333333333333333, 1.0, 0.6666666666666665)"
PdfAct,84.tar_1704.06785.gz_A_general_private_information_retrieval_scheme_for_MDS_coded_databases_with_colluding_servers_black.pdf,2,footer,"(0.975609756097561, 0.975609756097561, 0.975609756097561, 0.9848331648129424)"
PdfAct,86.tar_1704.07441.gz_acl2012_black.pdf,1,footer,"(0.18888888888888888, 0.09941520467836257, 1.8888888888888888, 0.08077544426494342)"
PdfAct,71.tar_1704.01429.gz_lp_tempt_black.pdf,0,footer,"(0.0821917808219178, 0.0821917808219178, 0.0821917808219178, 0.2845637583892618)"
PdfAct,76.tar_1704.03455.gz_Gaia_revised_arxiv_black.pdf,0,footer,"(0, 0, 0, 0.03571428571428569)"
PdfAct,85.tar_1704.06991.gz_CSQCD-L_Aquila-Incera-final_black.pdf,0,footer,"(0, 0, 0, 0.1347150259067358)"
PdfAct,78.tar_1704.04452.gz_CMapCorpus_Arxiv_black.pdf,7,footer,"(0.26666666666666666, 0.26666666666666666, 0.26666666666666666, 0.391304347826087)"
PdfAct,76.tar_1704.03609.gz_arxiv_black.pdf,2,footer,"(0.1951219512195122, 0.13793103448275862, 0.3333333333333333, 0.3012048192771084)"
PdfAct,88.tar_1704.08524.gz_paperNN1S0zero_black.pdf,10,footer,"(0, 0, 0, 0.0)"
PdfAct,89.tar_1704.08942.gz_VainshteinVoids_black.pdf,2,footer,"(0, 0, 0, 0.11111111111111115)"
PdfAct,78.tar_1704.04141.gz_sda_v4_black.pdf,0,footer,"(0.15492957746478872, 0.11827956989247312, 0.22448979591836735, 0.3768115942028985)"
PdfAct,89.tar_1704.08681.gz_AdS_Instability_Arxiv_black.pdf,40,footer,"(0, 0, 0, 0.038461538461538394)"
PdfAct,77.tar_1704.03778.gz_McKayTensorV7_black.pdf,17,footer,"(0.18947368421052632, 0.18947368421052632, 0.18947368421052632, 0.312210200927357)"
PdfAct,72.tar_1704.01878.gz_draft30_black.pdf,3,footer,"(0, 0, 0, 0.0)"
PdfAct,84.tar_1704.06754.gz_PQxPT_v7_black.pdf,1,footer,"(0, 0, 0, 0.0)"
PdfAct,70.tar_1704.01004.gz_arxiv_black.pdf,3,footer,"(0, 0, 0, 0.021164021164021135)"
PdfAct,88.tar_1704.08336.gz_ms_black.pdf,14,footer,"(0, 0, 0, 0.007272727272727337)"
PdfAct,73.tar_1704.02323.gz_cglp_paper_black.pdf,1,footer,"(0, 0, 0, 0.036363636363636404)"
PdfAct,70.tar_1704.00775.gz_tunneldec_black.pdf,1,footer,"(0.29411764705882354, 0.29411764705882354, 0.29411764705882354, 0.5292096219931272)"
PdfAct,89.tar_1704.08927.gz_findingreactioncoordinates_revised_black.pdf,9,footer,"(0, 0, 0, 0.015267175572519135)"
PdfAct,78.tar_1704.04377.gz_manshour_black.pdf,0,footer,"(0, 0, 0, 0.04509283819628649)"
PdfAct,78.tar_1704.04278.gz_Paper-v1.00_black.pdf,2,footer,"(0.82, 0.82, 0.82, 0.7989690721649484)"
PdfAct,71.tar_1704.01477.gz_KKZZ_revised_black.pdf,8,footer,"(0.2708333333333333, 0.2708333333333333, 0.2708333333333333, 0.3917525773195877)"
PdfAct,87.tar_1704.08188.gz_fRconroll-v8_black.pdf,1,footer,"(0, 0, 0, 0.11764705882352942)"
PdfAct,68.tar_1704.00236.gz_CDC_arxiv_black.pdf,0,footer,"(1.0, 1.0, 1.0, 1.0)"
PdfAct,71.tar_1704.01352.gz_makingGW151226_PESSIMISTIC_black.pdf,0,footer,"(0, 0, 0, 0.0)"
PdfAct,87.tar_1704.07821.gz_Portailetal2017_black.pdf,0,footer,"(0, 0, 0, 0.1967213114754098)"
PdfAct,72.tar_1704.01747.gz_ChKr_v0.4_black.pdf,0,footer,"(0, 0, 0, 0.014925373134328339)"
PdfAct,88.tar_1704.08464.gz_manuscript_black.pdf,7,footer,"(0, 0, 0, 0.06282722513088998)"
PdfAct,85.tar_1704.06919.gz_ctw_black.pdf,31,footer,"(0.052631578947368425, 0.043478260869565216, 0.06666666666666667, 0.3125)"
PdfAct,73.tar_1704.02328.gz_DLRv14_black.pdf,3,footer,"(0.5611111111111111, 0.5611111111111111, 0.5611111111111111, 0.5757575757575758)"
PdfAct,70.tar_1704.01131.gz_cuscutonPerturbation_black.pdf,7,footer,"(0, 0, 0, 0.06349206349206354)"
PdfAct,79.tar_1704.05024.gz_affine_black.pdf,0,footer,"(0, 0, 0, 0.021739130434782653)"
PdfAct,89.tar_1704.08914.gz_paper_new_black.pdf,2,footer,"(0.4857142857142857, 0.4857142857142857, 0.4857142857142857, 0.652482269503546)"
PdfAct,85.tar_1704.07035.gz_1704-027-3A-MotegiKohei_black.pdf,0,footer,"(0, 0, 0, 0.0)"
PdfAct,78.tar_1704.04463.gz_gbe_td_arx_black.pdf,3,footer,"(0.06698564593301436, 0.06698564593301436, 0.06698564593301436, 0.27607745159275454)"
PdfAct,84.tar_1704.06687.gz_plot_extraction_black.pdf,7,footer,"(0.9655172413793104, 0.9333333333333333, 1.0, 0.9866666666666667)"
PdfAct,88.tar_1704.08468.gz_TZhopset10_black.pdf,3,footer,"(0, 0, 0, 0.0)"
PdfAct,73.tar_1704.02167.gz_manuscript_black.pdf,15,footer,"(0, 0, 0, 0.011695906432748586)"
PdfAct,73.tar_1704.02297.gz_v3.1_black.pdf,1,footer,"(0, 0, 0, 0.08064516129032256)"
PdfAct,71.tar_1704.01425.gz_2017.03-icwsm17-poster-temporal-model_black.pdf,0,footer,"(0, 0, 0, 0.17142857142857137)"
PdfAct,87.tar_1704.08095.gz_paper_arxiv_black.pdf,26,footer,"(0, 0, 0, 0.0)"
PdfAct,76.tar_1704.03425.gz_MF1_black.pdf,4,footer,"(0, 0, 0, 0.0)"
PdfAct,73.tar_1704.02256.gz_ms_black.pdf,1,footer,"(0, 0, 0, 0.339622641509434)"
PdfAct,73.tar_1704.02083.gz_icme2017template_black.pdf,3,footer,"(0, 0, 0, 0.14184397163120566)"
PdfAct,72.tar_1704.01967.gz_jhepbiscalar_amplitudes_Yangian_black.pdf,22,footer,"(0, 0, 0, 0.04651162790697669)"
PdfAct,75.tar_1704.03239.gz_paper_black.pdf,7,footer,"(0, 0, 0, 0.0)"
PdfAct,78.tar_1704.04317.gz_CNNS_PRD_v3_black.pdf,6,footer,"(0, 0, 0, 0.26890756302521013)"
PdfAct,78.tar_1704.04291.gz_XJDT-topost_black.pdf,7,footer,"(0.4406779661016949, 0.25742574257425743, 1.5294117647058822, 0.18830242510698994)"
PdfAct,74.tar_1704.02664.gz_fml2016-sample_black.pdf,0,footer,"(0, 0, 0, 0.013888888888888857)"
PdfAct,68.tar_1704.00143.gz_eliminat_black.pdf,1,footer,"(0, 0, 0, 0.004938271604938222)"
PdfAct,89.tar_1704.08933.gz_StochasticAmplification_black.pdf,22,footer,"(0, 0, 0, 0.0)"
PdfAct,77.tar_1704.04027.gz_ConstrainLV_gen2_black.pdf,16,footer,"(0, 0, 0, 0.21698113207547165)"
PdfAct,80.tar_1704.05136.gz_sum17CamRe_black.pdf,3,footer,"(0.9787234042553191, 0.9583333333333334, 1.0, 0.9924812030075187)"
PdfAct,89.tar_1704.08729.gz_ISMIR2017template_black.pdf,1,footer,"(0, 0, 0, 0.21721311475409835)"
PdfAct,86.tar_1704.07561.gz_stg_black.pdf,1,footer,"(0.09022556390977443, 0.09022556390977443, 0.09022556390977443, 0.16611295681063126)"
PdfAct,71.tar_1704.01522.gz_harmonic-predictions-paper_black.pdf,9,footer,"(0.40287769784172656, 0.3835616438356164, 0.42424242424242425, 0.44075829383886256)"
PdfAct,85.tar_1704.06919.gz_ctw_black.pdf,1,footer,"(0.75, 0.75, 0.75, 0.8984063745019921)"
PdfAct,72.tar_1704.02013.gz_ms_black.pdf,2,footer,"(0.15555555555555556, 0.15555555555555556, 0.15555555555555556, 0.31610942249240126)"
PdfAct,71.tar_1704.01286.gz_all-in-one_black.pdf,15,footer,"(0, 0, 0, 0.02285714285714292)"
PdfAct,72.tar_1704.02020.gz_HFIplumbed_black.pdf,0,footer,"(0, 0, 0, 0.03773584905660371)"
PdfAct,68.tar_1704.00115.gz_jdiq-acmsmall-review-final_black.pdf,6,footer,"(0, 0, 0, 0.16545012165450118)"
PdfAct,87.tar_1704.07864.gz_ms_black.pdf,0,footer,"(0.5, 0.3333333333333333, 1.0, 0.7560975609756098)"
PdfAct,73.tar_1704.02306.gz_deformation2_black.pdf,10,footer,"(0, 0, 0, 0.0)"
PdfAct,78.tar_1704.04196.gz_Twin_Shell_v6_arXiv_v1_black.pdf,2,footer,"(0, 0, 0, 0.01801801801801801)"
PdfAct,80.tar_1704.05067.gz_Amplitudes-final_black.pdf,50,footer,"(0, 0, 0, 0.023715415019762816)"
PdfAct,85.tar_1704.07082.gz_bare_jrnl_black.pdf,1,footer,"(0, 0, 0, 0.2456140350877193)"
PdfAct,69.tar_1704.00453.gz_crlb_guo_paper_technical_report_black.pdf,0,footer,"(0.03125, 0.03125, 0.03125, 0.2559414990859233)"
PdfAct,78.tar_1704.04344.gz_arp305-resubmit_v4_black.pdf,1,footer,"(0, 0, 0, 0.0965517241379311)"
PdfAct,80.tar_1704.05136.gz_sum17CamRe_black.pdf,4,footer,"(0.9846153846153847, 0.9696969696969697, 1.0, 0.9943820224719101)"
PdfAct,73.tar_1704.02170.gz_4ARXIVMSW17_black.pdf,0,footer,"(0, 0, 0, 0.0)"
PdfAct,88.tar_1704.08520.gz_EBH_collision_v2_1_black.pdf,1,footer,"(0.3870967741935484, 0.3870967741935484, 0.3870967741935484, 0.622568093385214)"
PdfAct,72.tar_1704.01904.gz_higgs_portal_spin_3halves_dm_2017_11_30_black.pdf,8,footer,"(0, 0, 0, 0.0)"
PdfAct,74.tar_1704.02592.gz_main_black.pdf,2,footer,"(0, 0, 0, 0.0)"
PdfAct,87.tar_1704.07968.gz_ff_black.pdf,6,footer,"(0, 0, 0, 0.0)"
PdfAct,70.tar_1704.01084.gz_linearized_constraints_black.pdf,0,footer,"(0, 0, 0, 0.06060606060606062)"
PdfAct,80.tar_1704.05437.gz_magnon12_black.pdf,3,footer,"(0, 0, 0, 0.010723860589812374)"
PdfAct,76.tar_1704.03439.gz_aliev_omega_v2_black.pdf,0,footer,0
PdfAct,77.tar_1704.03861.gz_DensityMatrixParametrization_7_OL_black.pdf,1,footer,"(0, 0, 0, 0.0)"
PdfAct,76.tar_1704.03606.gz_Privacy_aware_Guessing_black.pdf,0,footer,"(0.25, 0.1896551724137931, 0.36666666666666664, 0.3571428571428571)"
PdfAct,75.tar_1704.02982.gz_JPS_source_black.pdf,0,footer,"(0.4444444444444445, 0.2857142857142857, 1.0, 0.7012987012987013)"
PdfAct,73.tar_1704.02162.gz_main_black.pdf,0,footer,"(0.10126582278481011, 0.06896551724137931, 0.19047619047619047, 0.27977315689981097)"
PdfAct,72.tar_1704.01773.gz_30385_am_black.pdf,0,footer,"(0, 0, 0, 0.18867924528301885)"
PdfAct,80.tar_1704.05396.gz_cognitive17_black.pdf,0,footer,"(0.4230769230769231, 0.4230769230769231, 0.4230769230769231, 0.7260726072607261)"
PdfAct,79.tar_1704.04992.gz_QIterative_v8_black.pdf,17,footer,"(0, 0, 0, 0.01680672268907557)"
PdfAct,74.tar_1704.02709.gz_main_black.pdf,7,footer,"(0.19444444444444445, 0.19444444444444445, 0.19444444444444445, 0.3730337078651685)"
PdfAct,77.tar_1704.03969.gz_ICASSP17_black.pdf,0,footer,"(0.05128205128205129, 0.034482758620689655, 0.1, 0.24309392265193366)"
PdfAct,86.tar_1704.07462.gz_Polynomial_norms_v7_black.pdf,3,footer,"(0, 0, 0, 0.0)"
PdfAct,74.tar_1704.02488.gz_main_black.pdf,6,footer,"(0.26229508196721313, 0.22857142857142856, 0.3076923076923077, 0.3651685393258427)"
